trader_id,description,manufacturer_part_number,brand_name,address,products_img,madeIn,price,is_offer,offer_price,offer_start_date,offer_end_date,rating,review_count,type,is_best_seller,is_mobilawy,assembly_kit,product_line,frontOrRear,tyre_speed_rate,maximum_tyre_load,tyre_engraving,rim_diameter,tyre_height,tyre_width,kilometer,oil_type,battery_replacement_available,volt,ampere,liter,color,Number_spark_pulgs,created_at,businessCategories_id,enabled,products_name,warranty,disabled_at,updated_at,status,qtyInStock,deletedAt,Brand,Year,Model,first_img_src
16,"1.2L L3 Belt Drive ['CHRYSLER', 'SEBRING', '2003-2005', 'DODGE', 'STRATUS', '2003', 'FORD', 'AEROSTAR', '1986', 'FORD', 'ESCORT', '1994', 'LINCOLN', 'CONTINENTAL', '1980', 'LINCOLN', 'MARK VI', '1980', 'MERCURY', 'GRAND MARQUIS', '1980', 'MERCURY', 'MARQUIS', '1980', 'MERCURY', 'TRACER', '1994', 'MITSUBISHI', 'MIRAGE', '2014-2020', 'MITSUBISHI', 'MIRAGE G4', '2017-2020', 'SCION', 'XD', '2008-2014', 'TOYOTA', 'COROLLA', '2010-2019', 'TOYOTA', 'MATRIX', '2011-2014']",4060485,MITSUBISHI,"[{""address"":""Acura Almulla, Car Dealer Rd, Kuwait"",""location"":""https://maps.app.goo.gl/J3oPuFs33svZGpK89""}]",images/MITSUBISHI/MITSUBISHI___MIRAGE___1.2L_L3___Belt___4060485___61773.jpg,,21,0,0,,,0,0,Standard Replacement ,0,0,1,,,,,,,,,0,,0,,,0,,,14/08/2024,1,1,Belt,,,,Accepted,500,,MITSUBISHI,2017,MIRAGE,https://www.rockauto.com/info/147/4060485_VIEW%2010__ra_m.jpg
16,"1.2L L3 Body & Lamp Assembly ['MITSUBISHI', 'MIRAGE', '2017-2020']",MI1100304,MITSUBISHI,"[{""address"":""Acura Almulla, Car Dealer Rd, Kuwait"",""location"":""https://maps.app.goo.gl/J3oPuFs33svZGpK89""}]",images/MITSUBISHI/MITSUBISHI___MIRAGE___1.2L_L3___Bumper___MI1100304___8795.jpg,,118,0,0,,,0,0,none,0,0,1,,Rear,,,,,,,0,,0,,,0,,,14/08/2024,1,1,Bumper,,,,Accepted,500,,MITSUBISHI,2017,MIRAGE,https://www.rockauto.com/info/69/T2_MI1100304C_Fro__ra_m.jpg
16,1.2L L3 Body & Lamp Assembly [],MI1000345,MITSUBISHI,"[{""address"":""Acura Almulla, Car Dealer Rd, Kuwait"",""location"":""https://maps.app.goo.gl/J3oPuFs33svZGpK89""}]",images/MITSUBISHI/MITSUBISHI___MIRAGE___1.2L_L3___Bumper___MI1000345___94179.jpg,,143,0,0,,,0,0,none,0,0,1,,Front,,,,,,,0,,0,,,0,,,14/08/2024,1,1,Bumper,,,,Accepted,500,,MITSUBISHI,2017,MIRAGE,https://www.rockauto.com/info/69/T2_MI1000345_Fro__ra_m.jpg
16,"1.2L L3 Body & Lamp Assembly ['MITSUBISHI', 'MIRAGE', '2017-2020']",MI1044107,MITSUBISHI,"[{""address"":""Acura Almulla, Car Dealer Rd, Kuwait"",""location"":""https://maps.app.goo.gl/J3oPuFs33svZGpK89""}]",images/MITSUBISHI/MITSUBISHI___MIRAGE___1.2L_L3___Bumper_Filler___MI1044107___69433.jpg,,44,0,0,,,0,0,none,0,0,1,,Front,,,,,,,0,,0,,,0,,,14/08/2024,1,1,Bumper Filler,,,,Accepted,500,,MITSUBISHI,2017,MIRAGE,https://www.rockauto.com/info/69/T2_MI1044107_Fro__ra_m.jpg
16,"1.2L L3 Body & Lamp Assembly ['MITSUBISHI', 'MIRAGE', '2017-2020']",MI1047105,MITSUBISHI,"[{""address"":""Acura Almulla, Car Dealer Rd, Kuwait"",""location"":""https://maps.app.goo.gl/J3oPuFs33svZGpK89""}]",images/MITSUBISHI/MITSUBISHI___MIRAGE___1.2L_L3___Bumper_Filler___MI1047105___98712.jpg,,53,0,0,,,0,0,none,0,0,1,,Front Right,,,,,,,0,,0,,,0,,,14/08/2024,1,1,Bumper Filler,,,,Accepted,500,,MITSUBISHI,2017,MIRAGE,https://www.rockauto.com/info/69/MI1047105__ra_m.jpg
16,"1.2L L3 Body & Lamp Assembly ['MITSUBISHI', 'MIRAGE', '2017-2020']",MI1046105,MITSUBISHI,"[{""address"":""Acura Almulla, Car Dealer Rd, Kuwait"",""location"":""https://maps.app.goo.gl/J3oPuFs33svZGpK89""}]",images/MITSUBISHI/MITSUBISHI___MIRAGE___1.2L_L3___Bumper_Filler___MI1046105___1791.jpg,,54,0,0,,,0,0,none,0,0,1,,Front Left,,,,,,,0,,0,,,0,,,14/08/2024,1,1,Bumper Filler,,,,Accepted,500,,MITSUBISHI,2017,MIRAGE,https://www.rockauto.com/info/69/MI1046105__ra_m.jpg
16,"1.2L L3 Body & Lamp Assembly ['MITSUBISHI', 'MIRAGE', '2015-2020']",MI1006163,MITSUBISHI,"[{""address"":""Acura Almulla, Car Dealer Rd, Kuwait"",""location"":""https://maps.app.goo.gl/J3oPuFs33svZGpK89""}]",images/MITSUBISHI/MITSUBISHI___MIRAGE___1.2L_L3___Bumper_Reinforcement___MI1006163___21336.jpg,,67,0,0,,,0,0,none,0,0,1,,Front,,,,,,,0,,0,,,0,,,14/08/2024,1,1,Bumper Reinforcement,,,,Accepted,500,,MITSUBISHI,2017,MIRAGE,https://www.rockauto.com/info/69/MI1006163__ra_m.jpg
16,"1.2L L3 Body & Lamp Assembly ['MITSUBISHI', 'MIRAGE', '2014-2020']",MI1240178,MITSUBISHI,"[{""address"":""Acura Almulla, Car Dealer Rd, Kuwait"",""location"":""https://maps.app.goo.gl/J3oPuFs33svZGpK89""}]",images/MITSUBISHI/MITSUBISHI___MIRAGE___1.2L_L3___Fender___MI1240178___33261.jpg,,46,0,0,,,0,0,none,0,0,1,,Front Left,,,,,,,0,,0,,,0,,,14/08/2024,1,1,Fender,,,,Accepted,500,,MITSUBISHI,2017,MIRAGE,https://www.rockauto.com/info/69/T2_MI1240178_Fro__ra_m.jpg
16,"1.2L L3 Body & Lamp Assembly ['MITSUBISHI', 'MIRAGE', '2014-2020']",MI1241178,MITSUBISHI,"[{""address"":""Acura Almulla, Car Dealer Rd, Kuwait"",""location"":""https://maps.app.goo.gl/J3oPuFs33svZGpK89""}]",images/MITSUBISHI/MITSUBISHI___MIRAGE___1.2L_L3___Fender___MI1241178___72231.jpg,,46,0,0,,,0,0,none,0,0,1,,Front Right,,,,,,,0,,0,,,0,,,14/08/2024,1,1,Fender,,,,Accepted,500,,MITSUBISHI,2017,MIRAGE,https://www.rockauto.com/info/69/T2_MI1241178_Fro__ra_m.jpg
16,"1.2L L3 Body & Lamp Assembly ['MITSUBISHI', 'LANCER', '2016-2017', 'MITSUBISHI', 'MIRAGE', '2017-2023', 'MITSUBISHI', 'OUTLANDER SPORT', '2016-2017']",MI2592123,MITSUBISHI,"[{""address"":""Acura Almulla, Car Dealer Rd, Kuwait"",""location"":""https://maps.app.goo.gl/J3oPuFs33svZGpK89""}]",images/MITSUBISHI/MITSUBISHI___MIRAGE___1.2L_L3___Fog___Driving_Lamp_Assembly___MI2592123___69038.jpg,,51,0,0,,,0,0,none,0,0,1,,,,,,,,,0,,0,,,0,,,14/08/2024,1,1,Fog / Driving Lamp Assembly,,,,Accepted,500,,MITSUBISHI,2017,MIRAGE,https://www.rockauto.com/info/69/6536382__ra_m.jpg
16,"1.2L L3 Body & Lamp Assembly ['MITSUBISHI', 'MIRAGE', '2017-2020']",MI1038124,MITSUBISHI,"[{""address"":""Acura Almulla, Car Dealer Rd, Kuwait"",""location"":""https://maps.app.goo.gl/J3oPuFs33svZGpK89""}]",images/MITSUBISHI/MITSUBISHI___MIRAGE___1.2L_L3___Fog_Lamp_Bezel___MI1038124___2141.jpg,,17,0,0,,,0,0,none,0,0,1,,Front Left,,,,,,,0,,0,,,0,,,14/08/2024,1,1,Fog Lamp Bezel,,,,Accepted,500,,MITSUBISHI,2017,MIRAGE,https://www.rockauto.com/info/69/T2_MI1038124_Fro__ra_m.jpg
16,"1.2L L3 Body & Lamp Assembly ['MITSUBISHI', 'MIRAGE', '2017-2020']",MI1039124,MITSUBISHI,"[{""address"":""Acura Almulla, Car Dealer Rd, Kuwait"",""location"":""https://maps.app.goo.gl/J3oPuFs33svZGpK89""}]",images/MITSUBISHI/MITSUBISHI___MIRAGE___1.2L_L3___Fog_Lamp_Bezel___MI1039124___4804.jpg,,17,0,0,,,0,0,none,0,0,1,,Front Right,,,,,,,0,,0,,,0,,,14/08/2024,1,1,Fog Lamp Bezel,,,,Accepted,500,,MITSUBISHI,2017,MIRAGE,https://www.rockauto.com/info/69/MI1039124__ra_m.jpg
16,"1.2L L3 Body & Lamp Assembly ['MITSUBISHI', 'MIRAGE', '2017-2020']",MI1038123,MITSUBISHI,"[{""address"":""Acura Almulla, Car Dealer Rd, Kuwait"",""location"":""https://maps.app.goo.gl/J3oPuFs33svZGpK89""}]",images/MITSUBISHI/MITSUBISHI___MIRAGE___1.2L_L3___Fog_Lamp_Cover___MI1038123___56335.jpg,,15,0,0,,,0,0,none,0,0,1,,Front Left,,,,,,,0,,0,,,0,,,14/08/2024,1,1,Fog Lamp Cover,,,,Accepted,500,,MITSUBISHI,2017,MIRAGE,https://www.rockauto.com/info/69/MI1038123__ra_m.jpg
16,"1.2L L3 Body & Lamp Assembly ['MITSUBISHI', 'MIRAGE', '2017-2020']",MI1039123,MITSUBISHI,"[{""address"":""Acura Almulla, Car Dealer Rd, Kuwait"",""location"":""https://maps.app.goo.gl/J3oPuFs33svZGpK89""}]",images/MITSUBISHI/MITSUBISHI___MIRAGE___1.2L_L3___Fog_Lamp_Cover___MI1039123___51834.jpg,,15,0,0,,,0,0,none,0,0,1,,Front Right,,,,,,,0,,0,,,0,,,14/08/2024,1,1,Fog Lamp Cover,,,,Accepted,500,,MITSUBISHI,2017,MIRAGE,https://www.rockauto.com/info/69/T2_MI1039123_Fro__ra_m.jpg
16,"1.2L L3 Body & Lamp Assembly ['MITSUBISHI', 'MIRAGE', '2017-2020']",MI1200269,MITSUBISHI,"[{""address"":""Acura Almulla, Car Dealer Rd, Kuwait"",""location"":""https://maps.app.goo.gl/J3oPuFs33svZGpK89""}]",images/MITSUBISHI/MITSUBISHI___MIRAGE___1.2L_L3___Grille___MI1200269___29133.jpg,,95,0,0,,,0,0,none,0,0,1,,,,,,,,,0,,0,,,0,,,14/08/2024,1,1,Grille,,,,Accepted,500,,MITSUBISHI,2017,MIRAGE,https://www.rockauto.com/info/69/6522314__ra_m.jpg
16,"1.2L L3 Body & Lamp Assembly ['MITSUBISHI', 'MIRAGE', '2014-2020']",20968200,MITSUBISHI,"[{""address"":""Acura Almulla, Car Dealer Rd, Kuwait"",""location"":""https://maps.app.goo.gl/J3oPuFs33svZGpK89""}]",images/MITSUBISHI/MITSUBISHI___MIRAGE___1.2L_L3___Headlamp_Assembly___20968200___68449.jpg,,95,0,0,,,0,0,none,0,0,1,,Left,,,,,,,0,,0,,,0,,,14/08/2024,1,1,Headlamp Assembly,,,,Accepted,500,,MITSUBISHI,2017,MIRAGE,https://www.rockauto.com/info/41/20-9682-00-1_1WM__ra_m.jpg
16,"1.2L L3 Body & Lamp Assembly ['MITSUBISHI', 'MIRAGE', '2014-2020']",20968100,MITSUBISHI,"[{""address"":""Acura Almulla, Car Dealer Rd, Kuwait"",""location"":""https://maps.app.goo.gl/J3oPuFs33svZGpK89""}]",images/MITSUBISHI/MITSUBISHI___MIRAGE___1.2L_L3___Headlamp_Assembly___20968100___52178.jpg,,94,0,0,,,0,0,none,0,0,1,,Right,,,,,,,0,,0,,,0,,,14/08/2024,1,1,Headlamp Assembly,,,,Accepted,500,,MITSUBISHI,2017,MIRAGE,https://www.rockauto.com/info/41/20-9681-00-1_1WM__ra_m.jpg
16,"1.2L L3 Body & Lamp Assembly ['MITSUBISHI', 'MIRAGE', '2014-2023']",MI1236120,MITSUBISHI,"[{""address"":""Acura Almulla, Car Dealer Rd, Kuwait"",""location"":""https://maps.app.goo.gl/J3oPuFs33svZGpK89""}]",images/MITSUBISHI/MITSUBISHI___MIRAGE___1.2L_L3___Hood_Hinge___MI1236120___40013.jpg,,20,0,0,,,0,0,none,0,0,1,,Left,,,,,,,0,,0,,,0,,,14/08/2024,1,1,Hood Hinge,,,,Accepted,500,,MITSUBISHI,2017,MIRAGE,https://www.rockauto.com/info/69/T2_MI1236120_Fro__ra_m.jpg
16,"1.2L L3 Body & Lamp Assembly ['MITSUBISHI', 'MIRAGE', '2014-2023']",MI1236119,MITSUBISHI,"[{""address"":""Acura Almulla, Car Dealer Rd, Kuwait"",""location"":""https://maps.app.goo.gl/J3oPuFs33svZGpK89""}]",images/MITSUBISHI/MITSUBISHI___MIRAGE___1.2L_L3___Hood_Hinge___MI1236119___23815.jpg,,Out of Stock,0,0,,,0,0,none,0,0,1,,Right,,,,,,,0,,0,,,0,,,14/08/2024,1,1,Hood Hinge,,,,Accepted,500,,MITSUBISHI,2017,MIRAGE,https://www.rockauto.com/info/69/T2_MI1236119_Fro__ra_m.jpg
16,"1.2L L3 Body & Lamp Assembly ['MITSUBISHI', 'MIRAGE', '2014-2020']",MI1248130,MITSUBISHI,"[{""address"":""Acura Almulla, Car Dealer Rd, Kuwait"",""location"":""https://maps.app.goo.gl/J3oPuFs33svZGpK89""}]",images/MITSUBISHI/MITSUBISHI___MIRAGE___1.2L_L3___Inner_Fender___MI1248130___42735.jpg,,14,0,0,,,0,0,none,0,0,1,,Left,,,,,,,0,,0,,,0,,,14/08/2024,1,1,Inner Fender,,,,Accepted,500,,MITSUBISHI,2017,MIRAGE,https://www.rockauto.com/info/69/6522142__ra_m.jpg
16,"1.2L L3 Body & Lamp Assembly ['MITSUBISHI', 'MIRAGE', '2014-2020']",MI1249130,MITSUBISHI,"[{""address"":""Acura Almulla, Car Dealer Rd, Kuwait"",""location"":""https://maps.app.goo.gl/J3oPuFs33svZGpK89""}]",images/MITSUBISHI/MITSUBISHI___MIRAGE___1.2L_L3___Inner_Fender___MI1249130___92096.jpg,,14,0,0,,,0,0,none,0,0,1,,Right,,,,,,,0,,0,,,0,,,14/08/2024,1,1,Inner Fender,,,,Accepted,500,,MITSUBISHI,2017,MIRAGE,https://www.rockauto.com/info/69/6522141__ra_m.jpg
16,"1.2L L3 Body & Lamp Assembly ['MITSUBISHI', 'MIRAGE', '2014-2018']",8159234,MITSUBISHI,"[{""address"":""Acura Almulla, Car Dealer Rd, Kuwait"",""location"":""https://maps.app.goo.gl/J3oPuFs33svZGpK89""}]",images/MITSUBISHI/MITSUBISHI___MIRAGE___1.2L_L3___Lift_Support___8159234___83522.jpg,,11,0,0,,,0,0,none,0,0,1,,,,,,,,,0,,0,,,0,,,14/08/2024,1,1,Lift Support,,,,Accepted,500,,MITSUBISHI,2017,MIRAGE,https://www.rockauto.com/info/1103/8159234__ra_m.jpg
16,"1.2L L3 Body & Lamp Assembly ['MITSUBISHI', 'MIRAGE', '2015-2022', 'MITSUBISHI', 'MIRAGE G4', '2017-2022']",MI1321148,MITSUBISHI,"[{""address"":""Acura Almulla, Car Dealer Rd, Kuwait"",""location"":""https://maps.app.goo.gl/J3oPuFs33svZGpK89""}]",images/MITSUBISHI/MITSUBISHI___MIRAGE___1.2L_L3___Outside_Mirror___Glass_Assembly___MI1321148___72003.jpg,,39,0,0,,,0,0,none,0,0,1,,Right,,,,,,,0,,0,,,0,,,14/08/2024,1,1,Outside Mirror & Glass Assembly,,,,Accepted,500,,MITSUBISHI,2017,MIRAGE,https://www.rockauto.com/info/69/T2_A1MI148R_Fro__ra_m.jpg
16,"1.2L L3 Body & Lamp Assembly ['MITSUBISHI', 'MIRAGE', '2015-2022', 'MITSUBISHI', 'MIRAGE G4', '2017-2019']",MI1320153,MITSUBISHI,"[{""address"":""Acura Almulla, Car Dealer Rd, Kuwait"",""location"":""https://maps.app.goo.gl/J3oPuFs33svZGpK89""}]",images/MITSUBISHI/MITSUBISHI___MIRAGE___1.2L_L3___Outside_Mirror___Glass_Assembly___MI1320153___27005.jpg,,38,0,0,,,0,0,none,0,0,1,,Left,,,,,,,0,,0,,,0,,,14/08/2024,1,1,Outside Mirror & Glass Assembly,,,,Accepted,500,,MITSUBISHI,2017,MIRAGE,https://www.rockauto.com/info/69/T2_MI1320153_Fro__ra_m.jpg
16,"1.2L L3 Body & Lamp Assembly ['MITSUBISHI', 'MIRAGE', '2014-2023', 'MITSUBISHI', 'MIRAGE G4', '2017-2023']",MI1326103,MITSUBISHI,"[{""address"":""Acura Almulla, Car Dealer Rd, Kuwait"",""location"":""https://maps.app.goo.gl/J3oPuFs33svZGpK89""}]",,,11,0,0,,,0,0,none,0,0,1,,Left,,,,,,,0,,0,,,0,,,14/08/2024,1,1,Outside Mirror Cover,,,,Accepted,500,,MITSUBISHI,2017,MIRAGE,
16,"1.2L L3 Body & Lamp Assembly ['MITSUBISHI', 'MIRAGE', '2014-2023', 'MITSUBISHI', 'MIRAGE G4', '2017-2023']",MI1327103,MITSUBISHI,"[{""address"":""Acura Almulla, Car Dealer Rd, Kuwait"",""location"":""https://maps.app.goo.gl/J3oPuFs33svZGpK89""}]",,,Out of Stock,0,0,,,0,0,none,0,0,1,,Right,,,,,,,0,,0,,,0,,,14/08/2024,1,1,Outside Mirror Cover,,,,Accepted,500,,MITSUBISHI,2017,MIRAGE,
16,"1.2L L3 Body & Lamp Assembly ['MITSUBISHI', 'MIRAGE', '2014-2022', 'MITSUBISHI', 'MIRAGE G4', '2017-2022']",4620,MITSUBISHI,"[{""address"":""Acura Almulla, Car Dealer Rd, Kuwait"",""location"":""https://maps.app.goo.gl/J3oPuFs33svZGpK89""}]",images/MITSUBISHI/MITSUBISHI___MIRAGE___1.2L_L3___Outside_Mirror_Glass___4620___50877.jpg,,10,0,0,,,0,0,Glass Only (Does Not Include Backing Plate) ,0,0,1,,Left,,,,,,,0,,0,,,0,,,14/08/2024,1,1,Outside Mirror Glass,,,,Accepted,500,,MITSUBISHI,2017,MIRAGE,https://www.rockauto.com/info/1123/4620__ra_m.jpg
16,"1.2L L3 Body & Lamp Assembly ['MITSUBISHI', 'MIRAGE', '2014-2022', 'MITSUBISHI', 'MIRAGE G4', '2017-2022']",5651,MITSUBISHI,"[{""address"":""Acura Almulla, Car Dealer Rd, Kuwait"",""location"":""https://maps.app.goo.gl/J3oPuFs33svZGpK89""}]",images/MITSUBISHI/MITSUBISHI___MIRAGE___1.2L_L3___Outside_Mirror_Glass___5651___36440.jpg,,13,0,0,,,0,0,Glass Only (Does Not Include Backing Plate) ,0,0,1,,Right,,,,,,,0,,0,,,0,,,14/08/2024,1,1,Outside Mirror Glass,,,,Accepted,500,,MITSUBISHI,2017,MIRAGE,https://www.rockauto.com/info/1123/5651__ra_m.jpg
16,"1.2L L3 Body & Lamp Assembly ['MITSUBISHI', 'LANCER', '2015-2017', 'MITSUBISHI', 'MIRAGE', '2015-2017', 'MITSUBISHI', 'MIRAGE G4', '2017-2019', 'MITSUBISHI', 'OUTLANDER', '2014-2022', 'MITSUBISHI', 'OUTLANDER SPORT', '2015-2022']",MI1328100,MITSUBISHI,"[{""address"":""Acura Almulla, Car Dealer Rd, Kuwait"",""location"":""https://maps.app.goo.gl/J3oPuFs33svZGpK89""}]",,,Out of Stock,0,0,,,0,0,none,0,0,1,,Left,,,,,,,0,,0,,,0,,,14/08/2024,1,1,Outside Mirror Turn Signal,,,,Accepted,500,,MITSUBISHI,2017,MIRAGE,
16,"1.2L L3 Body & Lamp Assembly ['MITSUBISHI', 'LANCER', '2015-2017', 'MITSUBISHI', 'MIRAGE', '2015-2017', 'MITSUBISHI', 'MIRAGE G4', '2017-2019', 'MITSUBISHI', 'OUTLANDER', '2014-2022', 'MITSUBISHI', 'OUTLANDER SPORT', '2015-2022']",MI1329100,MITSUBISHI,"[{""address"":""Acura Almulla, Car Dealer Rd, Kuwait"",""location"":""https://maps.app.goo.gl/J3oPuFs33svZGpK89""}]",,,Out of Stock,0,0,,,0,0,none,0,0,1,,Right,,,,,,,0,,0,,,0,,,14/08/2024,1,1,Outside Mirror Turn Signal,,,,Accepted,500,,MITSUBISHI,2017,MIRAGE,
16,"1.2L L3 Body & Lamp Assembly ['MITSUBISHI', 'MIRAGE', '2014-2023', 'MITSUBISHI', 'MIRAGE G4', '2017-2023']",MI1225167,MITSUBISHI,"[{""address"":""Acura Almulla, Car Dealer Rd, Kuwait"",""location"":""https://maps.app.goo.gl/J3oPuFs33svZGpK89""}]",images/MITSUBISHI/MITSUBISHI___MIRAGE___1.2L_L3___Radiator_Support___MI1225167___15045.jpg,,9,0,0,,,0,0,none,0,0,1,,Right,,,,,,,0,,0,,,0,,,14/08/2024,1,1,Radiator Support,,,,Accepted,500,,MITSUBISHI,2017,MIRAGE,https://www.rockauto.com/info/69/T2_MI1225167_Fro__ra_m.jpg
16,"1.2L L3 Body & Lamp Assembly ['MITSUBISHI', 'MIRAGE', '2014-2023', 'MITSUBISHI', 'MIRAGE G4', '2017-2023']",MI1225166,MITSUBISHI,"[{""address"":""Acura Almulla, Car Dealer Rd, Kuwait"",""location"":""https://maps.app.goo.gl/J3oPuFs33svZGpK89""}]",images/MITSUBISHI/MITSUBISHI___MIRAGE___1.2L_L3___Radiator_Support___MI1225166___39104.jpg,,10,0,0,,,0,0,none,0,0,1,,Left,,,,,,,0,,0,,,0,,,14/08/2024,1,1,Radiator Support,,,,Accepted,500,,MITSUBISHI,2017,MIRAGE,https://www.rockauto.com/info/69/T2_MI1225166_Fro__ra_m.jpg
16,"1.2L L3 Body & Lamp Assembly ['MITSUBISHI', 'MIRAGE', '2014-2020']",MI1225173,MITSUBISHI,"[{""address"":""Acura Almulla, Car Dealer Rd, Kuwait"",""location"":""https://maps.app.goo.gl/J3oPuFs33svZGpK89""}]",images/MITSUBISHI/MITSUBISHI___MIRAGE___1.2L_L3___Radiator_Support___MI1225173___12327.jpg,,167,0,0,,,0,0,none,0,0,1,,,,,,,,,0,,0,,,0,,,14/08/2024,1,1,Radiator Support,,,,Accepted,500,,MITSUBISHI,2017,MIRAGE,https://www.rockauto.com/info/69/T2_MI1225173_Fro__ra_m.jpg
16,"1.2L L3 Body & Lamp Assembly ['MITSUBISHI', 'MIRAGE', '2017-2020']",MI1184104,MITSUBISHI,"[{""address"":""Acura Almulla, Car Dealer Rd, Kuwait"",""location"":""https://maps.app.goo.gl/J3oPuFs33svZGpK89""}]",,,Out of Stock,0,0,,,0,0,none,0,0,1,,Rear Left,,,,,,,0,,0,,,0,,,14/08/2024,1,1,Reflector,,,,Accepted,500,,MITSUBISHI,2017,MIRAGE,
16,"1.2L L3 Body & Lamp Assembly ['MITSUBISHI', 'MIRAGE', '2017-2020']",MI1185104,MITSUBISHI,"[{""address"":""Acura Almulla, Car Dealer Rd, Kuwait"",""location"":""https://maps.app.goo.gl/J3oPuFs33svZGpK89""}]",,,Out of Stock,0,0,,,0,0,none,0,0,1,,Rear Right,,,,,,,0,,0,,,0,,,14/08/2024,1,1,Reflector,,,,Accepted,500,,MITSUBISHI,2017,MIRAGE,
16,"1.2L L3 Body & Lamp Assembly ['MITSUBISHI', 'MIRAGE', '2014-2020']",94363,MITSUBISHI,"[{""address"":""Acura Almulla, Car Dealer Rd, Kuwait"",""location"":""https://maps.app.goo.gl/J3oPuFs33svZGpK89""}]",images/MITSUBISHI/MITSUBISHI___MIRAGE___1.2L_L3___Side_Window_Vent___94363___75906.jpg,,59,0,0,,,0,0,none,0,0,1,,Front,,,,,,,0,,0,,,0,,,14/08/2024,1,1,Side Window Vent,,,,Accepted,500,,MITSUBISHI,2017,MIRAGE,https://www.rockauto.com/info/857/Ventvisor_Deflector_4_pc_off_vehicle_HR__ra_m.jpg
16,"1.2L L3 Body & Lamp Assembly ['MITSUBISHI', 'MIRAGE', '2017-2020']",MI2800142,MITSUBISHI,"[{""address"":""Acura Almulla, Car Dealer Rd, Kuwait"",""location"":""https://maps.app.goo.gl/J3oPuFs33svZGpK89""}]",images/MITSUBISHI/MITSUBISHI___MIRAGE___1.2L_L3___Tail_Lamp_Assembly___MI2800142___15349.jpg,,118,0,0,,,0,0,none,0,0,1,,Left,,,,,,,0,,0,,,0,,,14/08/2024,1,1,Tail Lamp Assembly,,,,Accepted,500,,MITSUBISHI,2017,MIRAGE,https://www.rockauto.com/info/69/MI2800142C__ra_m.jpg
16,"1.2L L3 Body & Lamp Assembly ['MITSUBISHI', 'MIRAGE', '2017-2020']",MI2801142,MITSUBISHI,"[{""address"":""Acura Almulla, Car Dealer Rd, Kuwait"",""location"":""https://maps.app.goo.gl/J3oPuFs33svZGpK89""}]",images/MITSUBISHI/MITSUBISHI___MIRAGE___1.2L_L3___Tail_Lamp_Assembly___MI2801142___59175.jpg,,118,0,0,,,0,0,none,0,0,1,,Right,,,,,,,0,,0,,,0,,,14/08/2024,1,1,Tail Lamp Assembly,,,,Accepted,500,,MITSUBISHI,2017,MIRAGE,https://www.rockauto.com/info/69/MI2801142C__ra_m.jpg
16,"1.2L L3 Body & Lamp Assembly ['MITSUBISHI', 'MIRAGE', '2014-2018', 'MITSUBISHI', 'MIRAGE G4', '2017']",113941,MITSUBISHI,"[{""address"":""Acura Almulla, Car Dealer Rd, Kuwait"",""location"":""https://maps.app.goo.gl/J3oPuFs33svZGpK89""}]",images/MITSUBISHI/MITSUBISHI___MIRAGE___1.2L_L3___Trailer_Hitch___113941___33305.jpg,,123,0,0,,,0,0,none,0,0,1,,Rear,,,,,,,0,,0,,,0,,,14/08/2024,1,1,Trailer Hitch,,,,Accepted,500,,MITSUBISHI,2017,MIRAGE,https://www.rockauto.com/info/228/113941_a__ra_m.jpg
16,"1.2L L3 Body & Lamp Assembly ['ACURA', '1991-2018', 'AUDI', '1980-2020', 'BMW', '1978-2020', 'BUICK', '1971-2020', 'CADILLAC', '1993-2020', 'CHEVROLET', '1975-2020', 'CHRYSLER', '1986-2019', 'DAEWOO', '2000', 'DAIHATSU', '1992', 'DODGE', '1985-2019', 'EAGLE', '1990-1996', 'FIAT', '2012-2014', 'FORD', '1980-2020', 'GENESIS', '2019', 'GEO', '1990-1995', 'GMC', '1984-2014', 'HONDA', '1985-2019', 'HYUNDAI', '1989-2019', 'INFINITI', '1990-2019', 'ISUZU', '1988-1999', 'JAGUAR', '1977-2008', 'JEEP', '1987-2019', 'KIA', '1996-2020', 'LEXUS', '1990-2020', 'LINCOLN', '1981-2019', 'MAZDA', '1984-2017', 'MERCEDES-BENZ', '1974-2018', 'MERCURY', '1981-2011', 'MINI', '2007-2019', 'MITSUBISHI', '1986-2020', 'NISSAN', '1980-2020', 'OLDSMOBILE', '1978-2003', 'PEUGEOT', '1983-1987', 'PLYMOUTH', '1984-2000', 'PONTIAC', '1978-2010', 'PORSCHE', '1979-1998', 'RAM', '2015', 'SAAB', '1981-2010', 'SATURN', '1993-2010', 'SCION', '2006-2013', 'SMART', '2014-2015', 'SUBARU', '1985-2019', 'SUZUKI', '1986-2013', 'TESLA', '2019', 'TOYOTA', '1979-2019', 'VOLKSWAGEN', '1973-2019', 'VOLVO', '1975-2016']",45148,MITSUBISHI,"[{""address"":""Acura Almulla, Car Dealer Rd, Kuwait"",""location"":""https://maps.app.goo.gl/J3oPuFs33svZGpK89""}]",images/MITSUBISHI/MITSUBISHI___MIRAGE___1.2L_L3___Trailer_Hitch_Ball___Mount_Kit___45148___9330.jpg,,21,0,0,,,0,0,none,0,0,1,,,,,,,,,0,,0,,,0,,,14/08/2024,1,1,Trailer Hitch Ball & Mount Kit,,,,Accepted,500,,MITSUBISHI,2017,MIRAGE,https://www.rockauto.com/info/228/45148_3008x1990_a__ra_m.jpg
16,"1.2L L3 Body & Lamp Assembly ['MITSUBISHI', 'MIRAGE', '2014-2020']",WFSF3843,MITSUBISHI,"[{""address"":""Acura Almulla, Car Dealer Rd, Kuwait"",""location"":""https://maps.app.goo.gl/J3oPuFs33svZGpK89""}]",images/MITSUBISHI/MITSUBISHI___MIRAGE___1.2L_L3___Windshield_Molding___Seal___WFSF3843___73972.jpg,,8,0,0,,,0,0,none,0,0,1,,,,,,,,,0,,0,,,0,,,14/08/2024,1,1,Windshield Molding / Seal,,,,Accepted,500,,MITSUBISHI,2017,MIRAGE,https://www.rockauto.com/info/1143/WFS_F3843-1__ra_m.jpg
16,"1.2L L3 Brake & Wheel Hub ['CHRYSLER', '1939-2005', 'DODGE', '1999-2006', 'FORD', '1985-2023', 'HYUNDAI', '1983-2023', 'INFINITI', '1990-2022', 'JAGUAR', '1938-2021', 'KIA', '1995-2023', 'LINCOLN', '1924-2023', 'MERCURY', '1948-2011', 'MITSUBISHI', '1983-2023', 'NISSAN', '1961-2023', 'PLYMOUTH', '1996-1997', 'SUBARU', '1970-2022']",1107MTV,MITSUBISHI,"[{""address"":""Acura Almulla, Car Dealer Rd, Kuwait"",""location"":""https://maps.app.goo.gl/J3oPuFs33svZGpK89""}]",,,Out of Stock,0,0,,,0,0,none,0,0,1,,,,,,,,,0,,0,,,0,,,14/08/2024,1,1,Brake Bleeder Kit,,,,Accepted,500,,MITSUBISHI,2017,MIRAGE,
16,"1.2L L3 Brake & Wheel Hub ['CHRYSLER', '1939-2005', 'DODGE', '1999-2006', 'FORD', '1985-2023', 'HYUNDAI', '1983-2023', 'INFINITI', '1990-2022', 'JAGUAR', '1938-2021', 'KIA', '1995-2023', 'LINCOLN', '1924-2023', 'MERCURY', '1948-2011', 'MITSUBISHI', '1983-2023', 'NISSAN', '1961-2023', 'PLYMOUTH', '1996-1997', 'SUBARU', '1970-2022']",0107MTV,MITSUBISHI,"[{""address"":""Acura Almulla, Car Dealer Rd, Kuwait"",""location"":""https://maps.app.goo.gl/J3oPuFs33svZGpK89""}]",,,Out of Stock,0,0,,,0,0,none,0,0,1,,,,,,,,,0,,0,,,0,,,14/08/2024,1,1,Brake Bleeder Screw,,,,Accepted,500,,MITSUBISHI,2017,MIRAGE,
16,"1.2L L3 Brake & Wheel Hub ['ACURA', '1991-2022', 'ALFA ROMEO', '1983-1995', 'BUICK', '1980-2020', 'CADILLAC', '1980-2021', 'CHEVROLET', '1980-2021', 'CHRYSLER', '1980-2023', 'DAEWOO', '1999-2001', 'DAIHATSU', '1991-1992', 'DODGE', '1980-2023', 'EAGLE', '1988-1996', 'FIAT', '1980-2020', 'FORD', '1980-2013', 'GENESIS', '2018-2021', 'GEO', '1989-1995', 'GMC', '1980-2021', 'HONDA', '1980-2023', 'HUMMER', '2004-2005', 'HYUNDAI', '1986-2021', 'INFINITI', '1990-2022', 'INTERNATIONAL', '1980', 'ISUZU', '1983-2008', 'JEEP', '1992-2024', 'KIA', '1995-2021', 'LEXUS', '1990-2024', 'LINCOLN', '1980-2013', 'MAZDA', '1980-2024', 'MERCURY', '1980-2011', 'MITSUBISHI', '1983-2022', 'NISSAN', '1980-2023', 'OLDSMOBILE', '1980-2003', 'PEUGEOT', '1984-1991', 'PLYMOUTH', '1980-2000', 'PONTIAC', '1980-2010', 'RAM', '2011-2022', 'RENAULT', '1981-1984', 'SAAB', '2008', 'SATURN', '1993-2010', 'SCION', '2006-2013', 'SUBARU', '1980-2022', 'SUZUKI', '1986-2013', 'TOYOTA', '1980-2023', 'YUGO', '1988-1990']",AS402Y,MITSUBISHI,"[{""address"":""Acura Almulla, Car Dealer Rd, Kuwait"",""location"":""https://maps.app.goo.gl/J3oPuFs33svZGpK89""}]",images/MITSUBISHI/MITSUBISHI___MIRAGE___1.2L_L3___Brake_Fluid___AS402Y___67078.jpg,,16,0,0,,,0,0,DOT 3 ,0,0,1,,,,,,,,,0,,0,,,0,,,14/08/2024,1,1,Brake Fluid,,,,Accepted,500,,MITSUBISHI,2017,MIRAGE,https://www.rockauto.com/info/692/AS402Y_P04_FRO__ra_m.jpg
16,"1.2L L3 Brake & Wheel Hub ['MITSUBISHI', 'ECLIPSE', '2006-2012', 'MITSUBISHI', 'ENDEAVOR', '2004-2011', 'MITSUBISHI', 'GALANT', '2004-2012', 'MITSUBISHI', 'I-MIEV', '2016-2017', 'MITSUBISHI', 'LANCER', '2002-2007', 'MITSUBISHI', 'MIRAGE', '2014-2020', 'MITSUBISHI', 'MIRAGE G4', '2017-2020']",FLS105,MITSUBISHI,"[{""address"":""Acura Almulla, Car Dealer Rd, Kuwait"",""location"":""https://maps.app.goo.gl/J3oPuFs33svZGpK89""}]",images/MITSUBISHI/MITSUBISHI___MIRAGE___1.2L_L3___Brake_Fluid_Level_Sensor___FLS105___8323.jpg,,11,0,0,,,0,0,none,0,0,1,,,,,,,,,0,,0,,,0,,,14/08/2024,1,1,Brake Fluid Level Sensor,,,,Accepted,500,,MITSUBISHI,2017,MIRAGE,https://www.rockauto.com/info/154/FLS105_Front__ra_m.jpg
16,"1.2L L3 Brake & Wheel Hub ['MITSUBISHI', 'MIRAGE', '2014-2022', 'MITSUBISHI', 'MIRAGE G4', '2017-2023']",35072065,MITSUBISHI,"[{""address"":""Acura Almulla, Car Dealer Rd, Kuwait"",""location"":""https://maps.app.goo.gl/J3oPuFs33svZGpK89""}]",images/MITSUBISHI/MITSUBISHI___MIRAGE___1.2L_L3___Brake_Hose___35072065___96293.jpg,,6,0,0,,,0,0,Standard Replacement ,0,0,1,,Rear,,,,,,,0,,0,,,0,,,14/08/2024,1,1,Brake Hose,,,,Accepted,500,,MITSUBISHI,2017,MIRAGE,https://www.rockauto.com/info/1100/350-72065_v1_1__ra_m.jpg
16,"1.2L L3 Brake & Wheel Hub ['MITSUBISHI', 'MIRAGE', '2014-2023', 'MITSUBISHI', 'MIRAGE G4', '2017-2023']",35072043,MITSUBISHI,"[{""address"":""Acura Almulla, Car Dealer Rd, Kuwait"",""location"":""https://maps.app.goo.gl/J3oPuFs33svZGpK89""}]",images/MITSUBISHI/MITSUBISHI___MIRAGE___1.2L_L3___Brake_Hose___35072043___55266.jpg,,9,0,0,,,0,0,Standard Replacement ,0,0,1,,Front Right,,,,,,,0,,0,,,0,,,14/08/2024,1,1,Brake Hose,,,,Accepted,500,,MITSUBISHI,2017,MIRAGE,https://www.rockauto.com/info/1100/350-72043_v1_1__ra_m.jpg
16,"1.2L L3 Brake & Wheel Hub ['MITSUBISHI', 'MIRAGE', '2014-2023', 'MITSUBISHI', 'MIRAGE G4', '2017-2023']",H622355,MITSUBISHI,"[{""address"":""Acura Almulla, Car Dealer Rd, Kuwait"",""location"":""https://maps.app.goo.gl/J3oPuFs33svZGpK89""}]",images/MITSUBISHI/MITSUBISHI___MIRAGE___1.2L_L3___Brake_Hose___H622355___88976.jpg,,18,0,0,,,0,0,Economy ,0,0,1,,Front Left,,,,,,,0,,0,,,0,,,14/08/2024,1,1,Brake Hose,,,,Accepted,500,,MITSUBISHI,2017,MIRAGE,https://www.rockauto.com/info/42/H622355-007__ra_m.jpg
16,"1.2L L3 Brake & Wheel Hub ['MITSUBISHI', 'MIRAGE', '2015-2023', 'MITSUBISHI', 'MIRAGE G4', '2017-2023']",H622621,MITSUBISHI,"[{""address"":""Acura Almulla, Car Dealer Rd, Kuwait"",""location"":""https://maps.app.goo.gl/J3oPuFs33svZGpK89""}]",images/MITSUBISHI/MITSUBISHI___MIRAGE___1.2L_L3___Brake_Hose___H622621___93789.jpg,,8,0,0,,,0,0,Economy ,0,0,1,,,,,,,,,0,,0,,,0,,,14/08/2024,1,1,Brake Hose,,,,Accepted,500,,MITSUBISHI,2017,MIRAGE,https://www.rockauto.com/info/42/H622621-007__ra_m.jpg
16,"1.2L L3 Brake & Wheel Hub ['MITSUBISHI', 'MIRAGE', '2014-2024', 'MITSUBISHI', 'MIRAGE G4', '2017-2024']",BC1731,MITSUBISHI,"[{""address"":""Acura Almulla, Car Dealer Rd, Kuwait"",""location"":""https://maps.app.goo.gl/J3oPuFs33svZGpK89""}]",images/MITSUBISHI/MITSUBISHI___MIRAGE___1.2L_L3___Brake_Pad___BC1731___20030.jpg,,19,0,0,,,0,0,Premium ,0,0,1,,Front,,,,,,,0,,0,,,0,,,14/08/2024,1,1,Brake Pad,,,,Accepted,500,,MITSUBISHI,2017,MIRAGE,https://www.rockauto.com/info/23/BC1731360__ra_m.jpg
16,"1.2L L3 Brake & Wheel Hub ['MITSUBISHI', 'I-MIEV', '2014-2016', 'MITSUBISHI', 'LANCER', '2002-2011', 'MITSUBISHI', 'MIRAGE', '2017-2023', 'MITSUBISHI', 'MIRAGE G4', '2017-2023']",17778B,MITSUBISHI,"[{""address"":""Acura Almulla, Car Dealer Rd, Kuwait"",""location"":""https://maps.app.goo.gl/J3oPuFs33svZGpK89""}]",images/MITSUBISHI/MITSUBISHI___MIRAGE___1.2L_L3___Brake_Shoe___17778B___23819.jpg,,30,0,0,,,0,0,Daily Driver ,0,0,1,,Rear,,,,,,,0,,0,,,0,,,14/08/2024,1,1,Brake Shoe,,,,Accepted,500,,MITSUBISHI,2017,MIRAGE,https://www.rockauto.com/info/314/89058372_Primary__ra_m.jpg
16,"1.2L L3 Brake & Wheel Hub ['MITSUBISHI', 'MIRAGE', '2017-2023', 'MITSUBISHI', 'MIRAGE G4', '2020-2023']",14146103,MITSUBISHI,"[{""address"":""Acura Almulla, Car Dealer Rd, Kuwait"",""location"":""https://maps.app.goo.gl/J3oPuFs33svZGpK89""}]",images/MITSUBISHI/MITSUBISHI___MIRAGE___1.2L_L3___Caliper___14146103___79253.jpg,,46,0,0,,,0,0,none,0,0,1,,Front Right,,,,,,,0,,0,,,0,,,14/08/2024,1,1,Caliper,,,,Accepted,500,,MITSUBISHI,2017,MIRAGE,https://www.rockauto.com/info/949/141-46103__ra_m.jpg
16,"1.2L L3 Brake & Wheel Hub ['MITSUBISHI', 'MIRAGE', '2017-2023', 'MITSUBISHI', 'MIRAGE G4', '2020-2023']",14146104,MITSUBISHI,"[{""address"":""Acura Almulla, Car Dealer Rd, Kuwait"",""location"":""https://maps.app.goo.gl/J3oPuFs33svZGpK89""}]",images/MITSUBISHI/MITSUBISHI___MIRAGE___1.2L_L3___Caliper___14146104___66407.jpg,,46,0,0,,,0,0,none,0,0,1,,Front Left,,,,,,,0,,0,,,0,,,14/08/2024,1,1,Caliper,,,,Accepted,500,,MITSUBISHI,2017,MIRAGE,https://www.rockauto.com/info/949/141.46104_Front__ra_m.jpg
16,"1.2L L3 Brake & Wheel Hub ['DODGE', 'ATTITUDE', '2015-2019', 'MITSUBISHI', 'ENDEAVOR', '2004-2011', 'MITSUBISHI', 'LANCER', '2004-2016', 'MITSUBISHI', 'MIRAGE', '2014-2017', 'MITSUBISHI', 'OUTLANDER', '2005-2012', 'MITSUBISHI', 'OUTLANDER SPORT', '2011-2012']",FH13530Q,MITSUBISHI,"[{""address"":""Acura Almulla, Car Dealer Rd, Kuwait"",""location"":""https://maps.app.goo.gl/J3oPuFs33svZGpK89""}]",images/MITSUBISHI/MITSUBISHI___MIRAGE___1.2L_L3___Disc_Brake_Hardware_Kit___FH13530Q___85562.jpg,,5,0,0,,,0,0,none,0,0,1,,Front,,,,,,,0,,0,,,0,,,14/08/2024,1,1,Disc Brake Hardware Kit,,,,Accepted,500,,MITSUBISHI,2017,MIRAGE,https://www.rockauto.com/info/949/FVPFH13530Q__ra_m.jpg
16,"1.2L L3 Brake & Wheel Hub ['MITSUBISHI', 'MIRAGE', '2014-2019']",12346026,MITSUBISHI,"[{""address"":""Acura Almulla, Car Dealer Rd, Kuwait"",""location"":""https://maps.app.goo.gl/J3oPuFs33svZGpK89""}]",images/MITSUBISHI/MITSUBISHI___MIRAGE___1.2L_L3___Drum___12346026___95450.jpg,,96,0,0,,,0,0,Daily Driver ,0,0,1,,Rear,,,,,,,0,,0,,,0,,,14/08/2024,1,1,Drum,,,,Accepted,500,,MITSUBISHI,2017,MIRAGE,https://www.rockauto.com/info/949/123.46026_Front__ra_m.jpg
16,"1.2L L3 Brake & Wheel Hub ['CHRYSLER', 'SEBRING', '2007-2009', 'DODGE', 'AVENGER', '2008-2009', 'DODGE', 'CALIBER', '2007-2012', 'JEEP', 'COMPASS', '2008-2017', 'JEEP', 'PATRIOT', '2008-2017', 'MITSUBISHI', 'LANCER', '2008-2011', 'MITSUBISHI', 'MIRAGE', '2017-2023', 'MITSUBISHI', 'MIRAGE G4', '2017-2023', 'NISSAN', 'CUBE', '2009-2014', 'NISSAN', 'SENTRA', '2007-2012', 'NISSAN', 'VERSA', '2007-2012']",7351K,MITSUBISHI,"[{""address"":""Acura Almulla, Car Dealer Rd, Kuwait"",""location"":""https://maps.app.goo.gl/J3oPuFs33svZGpK89""}]",images/MITSUBISHI/MITSUBISHI___MIRAGE___1.2L_L3___Drum_Brake_Hardware_Kit___7351K___64708.jpg,,4,0,0,,,0,0,none,0,0,1,,Rear,,,,,,,0,,0,,,0,,,14/08/2024,1,1,Drum Brake Hardware Kit,,,,Accepted,500,,MITSUBISHI,2017,MIRAGE,https://www.rockauto.com/info/625/7351K__ra_m.jpg
16,"1.2L L3 Brake & Wheel Hub ['CHEVROLET', 'CITY EXPRESS', '2015-2018', 'CHRYSLER', 'SEBRING', '2007-2009', 'DODGE', 'AVENGER', '2008-2009', 'DODGE', 'CALIBER', '2007-2012', 'JEEP', 'COMPASS', '2008-2017', 'JEEP', 'PATRIOT', '2008-2017', 'MITSUBISHI', 'I-MIEV', '2014-2017', 'MITSUBISHI', 'LANCER', '2008-2011', 'MITSUBISHI', 'MIRAGE', '2017-2023', 'MITSUBISHI', 'MIRAGE G4', '2017-2023', 'NISSAN', 'CUBE', '2009-2014', 'NISSAN', 'NV200', '2013-2021', 'NISSAN', 'SENTRA', '2007-2012', 'NISSAN', 'VERSA', '2007-2012']",2808K,MITSUBISHI,"[{""address"":""Acura Almulla, Car Dealer Rd, Kuwait"",""location"":""https://maps.app.goo.gl/J3oPuFs33svZGpK89""}]",images/MITSUBISHI/MITSUBISHI___MIRAGE___1.2L_L3___Drum_Brake_Self_Adjuster_Repair_Kit___2808K___65263.jpg,,4,0,0,,,0,0,none,0,0,1,,Rear Left,,,,,,,0,,0,,,0,,,14/08/2024,1,1,Drum Brake Self Adjuster Repair Kit,,,,Accepted,500,,MITSUBISHI,2017,MIRAGE,https://www.rockauto.com/info/625/2808K__ra_m.jpg
16,"1.2L L3 Brake & Wheel Hub ['CHEVROLET', 'CITY EXPRESS', '2015-2018', 'CHRYSLER', 'SEBRING', '2007-2009', 'DODGE', 'AVENGER', '2008-2009', 'DODGE', 'CALIBER', '2007-2012', 'JEEP', 'COMPASS', '2008-2017', 'JEEP', 'PATRIOT', '2008-2017', 'MITSUBISHI', 'I-MIEV', '2014-2017', 'MITSUBISHI', 'LANCER', '2008-2011', 'MITSUBISHI', 'MIRAGE', '2017-2023', 'MITSUBISHI', 'MIRAGE G4', '2017-2023', 'NISSAN', 'CUBE', '2009-2014', 'NISSAN', 'NV200', '2013-2021', 'NISSAN', 'SENTRA', '2007-2012', 'NISSAN', 'VERSA', '2007-2012']",2809K,MITSUBISHI,"[{""address"":""Acura Almulla, Car Dealer Rd, Kuwait"",""location"":""https://maps.app.goo.gl/J3oPuFs33svZGpK89""}]",images/MITSUBISHI/MITSUBISHI___MIRAGE___1.2L_L3___Drum_Brake_Self_Adjuster_Repair_Kit___2809K___77955.jpg,,4,0,0,,,0,0,none,0,0,1,,Rear Right,,,,,,,0,,0,,,0,,,14/08/2024,1,1,Drum Brake Self Adjuster Repair Kit,,,,Accepted,500,,MITSUBISHI,2017,MIRAGE,https://www.rockauto.com/info/625/2809K__ra_m.jpg
16,"1.2L L3 Brake & Wheel Hub ['MITSUBISHI', 'MIRAGE', '2014-2021', 'MITSUBISHI', 'MIRAGE G4', '2017-2021']",0720033,MITSUBISHI,"[{""address"":""Acura Almulla, Car Dealer Rd, Kuwait"",""location"":""https://maps.app.goo.gl/J3oPuFs33svZGpK89""}]",images/MITSUBISHI/MITSUBISHI___MIRAGE___1.2L_L3___Master_Cylinder___0720033___30155.jpg,,119,0,0,,,0,0,none,0,0,1,,,,,,,,,0,,0,,,0,,,14/08/2024,1,1,Master Cylinder,,,,Accepted,500,,MITSUBISHI,2017,MIRAGE,https://www.rockauto.com/info/31/BA0720033-1__ra_m.jpg
16,"1.2L L3 Brake & Wheel Hub ['MITSUBISHI', 'MIRAGE', '2014-2017', 'MITSUBISHI', 'MIRAGE G4', '2017']",NM55622,MITSUBISHI,"[{""address"":""Acura Almulla, Car Dealer Rd, Kuwait"",""location"":""https://maps.app.goo.gl/J3oPuFs33svZGpK89""}]",images/MITSUBISHI/MITSUBISHI___MIRAGE___1.2L_L3___Master_Cylinder___NM55622___92401.jpg,,Out of Stock,0,0,,,0,0,none,0,0,1,,Front,,,,,,,0,,0,,,0,,,14/08/2024,1,1,Master Cylinder,,,,Accepted,500,,MITSUBISHI,2017,MIRAGE,https://www.rockauto.com/info/1091/NM55622-ANG__ra_m.jpg
16,"1.2L L3 Brake & Wheel Hub ['MITSUBISHI', 'MIRAGE', '2014-2023', 'MITSUBISHI', 'MIRAGE G4', '2017-2023']",537403,MITSUBISHI,"[{""address"":""Acura Almulla, Car Dealer Rd, Kuwait"",""location"":""https://maps.app.goo.gl/J3oPuFs33svZGpK89""}]",images/MITSUBISHI/MITSUBISHI___MIRAGE___1.2L_L3___Power_Brake_Booster___537403___84958.jpg,,125,0,0,,,0,0,none,0,0,1,,,,,,,,,0,,0,,,0,,,14/08/2024,1,1,Power Brake Booster,,,,Accepted,500,,MITSUBISHI,2017,MIRAGE,https://www.rockauto.com/info/1/537403-LEF__ra_m.jpg
16,1.2L L3 Brake & Wheel Hub [],JBR1762XPR,MITSUBISHI,"[{""address"":""Acura Almulla, Car Dealer Rd, Kuwait"",""location"":""https://maps.app.goo.gl/J3oPuFs33svZGpK89""}]",images/MITSUBISHI/MITSUBISHI___MIRAGE___1.2L_L3___Rotor___JBR1762XPR___88901.jpg,,48,0,0,,,0,0,High Performance ,0,0,1,,Front,,,,,,,0,,0,,,0,,,14/08/2024,1,1,Rotor,,,,Accepted,500,,MITSUBISHI,2017,MIRAGE,https://www.rockauto.com/info/568/JBR1762XPR__ra_m.jpg
16,"1.2L L3 Brake & Wheel Hub ['DODGE', 'ATTITUDE', '2016-2018', 'MITSUBISHI', 'MIRAGE', '2017-2021', 'MITSUBISHI', 'MIRAGE G4', '2017-2021']",63372069L,MITSUBISHI,"[{""address"":""Acura Almulla, Car Dealer Rd, Kuwait"",""location"":""https://maps.app.goo.gl/J3oPuFs33svZGpK89""}]",images/MITSUBISHI/MITSUBISHI___MIRAGE___1.2L_L3___Rotor___63372069L___36513.jpg,,45,0,0,,,0,0,High Performance ,0,0,1,,Front Left,,,,,,,0,,0,,,0,,,14/08/2024,1,1,Rotor,,,,Accepted,500,,MITSUBISHI,2017,MIRAGE,https://www.rockauto.com/info/2100/633-72069L_v1_1__ra_m.jpg
16,"1.2L L3 Brake & Wheel Hub ['DODGE', 'ATTITUDE', '2016-2018', 'MITSUBISHI', 'MIRAGE', '2017-2021', 'MITSUBISHI', 'MIRAGE G4', '2017-2021']",63372069R,MITSUBISHI,"[{""address"":""Acura Almulla, Car Dealer Rd, Kuwait"",""location"":""https://maps.app.goo.gl/J3oPuFs33svZGpK89""}]",images/MITSUBISHI/MITSUBISHI___MIRAGE___1.2L_L3___Rotor___63372069R___60845.jpg,,45,0,0,,,0,0,High Performance ,0,0,1,,Front Right,,,,,,,0,,0,,,0,,,14/08/2024,1,1,Rotor,,,,Accepted,500,,MITSUBISHI,2017,MIRAGE,https://www.rockauto.com/info/2100/631-72069R_v1_1__ra_m.jpg
16,"1.2L L3 Brake & Wheel Hub ['DODGE', 'ATTITUDE', '2016-2023', 'MITSUBISHI', 'MIRAGE', '2017-2024', 'MITSUBISHI', 'MIRAGE G4', '2017-2024']",WBUH172036,MITSUBISHI,"[{""address"":""Acura Almulla, Car Dealer Rd, Kuwait"",""location"":""https://maps.app.goo.gl/J3oPuFs33svZGpK89""}]",images/MITSUBISHI/MITSUBISHI___MIRAGE___1.2L_L3___Rotor___Brake_Pad_Kit___WBUH172036___8454.jpg,,108,0,0,,,0,0,Fully Coated (Maximum Protection For Rust Prone Areas) ,0,0,1,,Front,,,,,,,0,,0,,,0,,,14/08/2024,1,1,Rotor & Brake Pad Kit,,,,Accepted,500,,MITSUBISHI,2017,MIRAGE,https://www.rockauto.com/catalog/kitcollage.php?pk=14176361&size=Thumb
16,"1.2L L3 Brake & Wheel Hub ['MITSUBISHI', 'MIRAGE', '2014-2022', 'MITSUBISHI', 'MIRAGE G4', '2017-2022']",510122,MITSUBISHI,"[{""address"":""Acura Almulla, Car Dealer Rd, Kuwait"",""location"":""https://maps.app.goo.gl/J3oPuFs33svZGpK89""}]",images/MITSUBISHI/MITSUBISHI___MIRAGE___1.2L_L3___Wheel_Bearing___510122___53495.jpg,,48,0,0,,,0,0,Standard Replacement ,0,0,1,,Front,,,,,,,0,,0,,,0,,,14/08/2024,1,1,Wheel Bearing,,,,Accepted,500,,MITSUBISHI,2017,MIRAGE,https://www.rockauto.com/info/958/NNT_510122_P04_ANG__ra_m.jpg
16,"1.2L L3 Brake & Wheel Hub ['MITSUBISHI', 'MIRAGE', '2014-2020', 'MITSUBISHI', 'MIRAGE G4', '2017-2023']",511047,MITSUBISHI,"[{""address"":""Acura Almulla, Car Dealer Rd, Kuwait"",""location"":""https://maps.app.goo.gl/J3oPuFs33svZGpK89""}]",images/MITSUBISHI/MITSUBISHI___MIRAGE___1.2L_L3___Wheel_Bearing___511047___49717.jpg,,49,0,0,,,0,0,Standard Replacement ,0,0,1,,Rear,,,,,,,0,,0,,,0,,,14/08/2024,1,1,Wheel Bearing,,,,Accepted,500,,MITSUBISHI,2017,MIRAGE,https://www.rockauto.com/info/958/NNT_511047_P04_ANG__ra_m.jpg
16,"1.2L L3 Brake & Wheel Hub ['MITSUBISHI', 'MIRAGE', '2014-2021', 'MITSUBISHI', 'MIRAGE G4', '2017-2021']",CIR28,MITSUBISHI,"[{""address"":""Acura Almulla, Car Dealer Rd, Kuwait"",""location"":""https://maps.app.goo.gl/J3oPuFs33svZGpK89""}]",images/MITSUBISHI/MITSUBISHI___MIRAGE___1.2L_L3___Wheel_Bearing_Snap_Ring___CIR28___94770.jpg,,3,0,0,,,0,0,none,0,0,1,,Rear,,,,,,,0,,0,,,0,,,14/08/2024,1,1,Wheel Bearing Snap Ring,,,,Accepted,500,,MITSUBISHI,2017,MIRAGE,https://www.rockauto.com/info/196/CIR28_1__ra_m.jpg
16,"1.2L L3 Brake & Wheel Hub ['MITSUBISHI', 'I-MIEV', '2014-2016', 'MITSUBISHI', 'LANCER', '2002-2014', 'MITSUBISHI', 'MIRAGE', '2017-2023', 'MITSUBISHI', 'MIRAGE G4', '2017-2023']",18E807,MITSUBISHI,"[{""address"":""Acura Almulla, Car Dealer Rd, Kuwait"",""location"":""https://maps.app.goo.gl/J3oPuFs33svZGpK89""}]",images/MITSUBISHI/MITSUBISHI___MIRAGE___1.2L_L3___Wheel_Cylinder___18E807___90478.jpg,,26,0,0,,,0,0,Daily Driver ,0,0,1,,Rear,,,,,,,0,,0,,,0,,,14/08/2024,1,1,Wheel Cylinder,,,,Accepted,500,,MITSUBISHI,2017,MIRAGE,https://www.rockauto.com/info/314/18E807_Primary__ra_m.jpg
16,"1.2L L3 Brake & Wheel Hub ['MITSUBISHI', 'MIRAGE', '2014-2021', 'MITSUBISHI', 'MIRAGE G4', '2017-2021']",SPK3880A056,MITSUBISHI,"[{""address"":""Acura Almulla, Car Dealer Rd, Kuwait"",""location"":""https://maps.app.goo.gl/J3oPuFs33svZGpK89""}]",images/MITSUBISHI/MITSUBISHI___MIRAGE___1.2L_L3___Wheel_Hub___SPK3880A056___48225.jpg,,16,0,0,,,0,0,none,0,0,1,,Front,,,,,,,0,,0,,,0,,,14/08/2024,1,1,Wheel Hub,,,,Accepted,500,,MITSUBISHI,2017,MIRAGE,https://www.rockauto.com/info/427/SPK3880A056_front2__ra_m.jpg
16,"1.2L L3 Brake & Wheel Hub ['DODGE', 'COLT', '1971-1995', 'DODGE', 'COLT 100', '1989-1992', 'DODGE', 'COLT 200', '1989-1992', 'DODGE', 'COLT DL', '1984-1990', 'DODGE', 'COLT E', '1984-1989', 'DODGE', 'COLT GL', '1990-1992', 'DODGE', 'COLT GT', '1989-1990', 'DODGE', 'COLT PREMIER', '1985-1988', 'DODGE', 'COLT SE', '1992', 'DODGE', 'COLT VISTA', '1984-1991', 'DODGE', 'COLT VISTA CUSTOM', '1986', 'HYUNDAI', 'ACCENT', '1995-2022', 'HYUNDAI', 'ELANTRA', '1992-2023', 'HYUNDAI', 'EXCEL', '1986-1994', 'HYUNDAI', 'SCOUPE', '1991-1995', 'MITSUBISHI', 'CORDIA', '1983-1988', 'MITSUBISHI', 'MIRAGE', '1985-2024', 'MITSUBISHI', 'PRECIS', '1987-1994', 'MITSUBISHI', 'TREDIA', '1983-1988', 'PLYMOUTH', 'CHAMP', '1979-1982', 'PLYMOUTH', 'COLT', '1979-1995', 'PLYMOUTH', 'COLT 100', '1989-1992', 'PLYMOUTH', 'COLT 200', '1989-1992', 'PLYMOUTH', 'COLT DL', '1984-1990', 'PLYMOUTH', 'COLT E', '1984-1989', 'PLYMOUTH', 'COLT GL', '1990-1992', 'PLYMOUTH', 'COLT GT', '1989-1990', 'PLYMOUTH', 'COLT PREMIER', '1985-1988', 'PLYMOUTH', 'COLT VISTA', '1984-1992', 'PLYMOUTH', 'COLT VISTA SE', '1992']",NS229522,MITSUBISHI,"[{""address"":""Acura Almulla, Car Dealer Rd, Kuwait"",""location"":""https://maps.app.goo.gl/J3oPuFs33svZGpK89""}]",images/MITSUBISHI/MITSUBISHI___MIRAGE___1.2L_L3___Wheel_Seal___NS229522___85652.jpg,,Out of Stock,0,0,,,0,0,none,0,0,1,,Front,,,,,,,0,,0,,,0,,,14/08/2024,1,1,Wheel Seal,,,,Accepted,500,,MITSUBISHI,2017,MIRAGE,https://www.rockauto.com/info/1101/NS229522_1__ra_m.jpg
16,1.2L L3 Cooling System [],ACB003,MITSUBISHI,"[{""address"":""Acura Almulla, Car Dealer Rd, Kuwait"",""location"":""https://maps.app.goo.gl/J3oPuFs33svZGpK89""}]",images/MITSUBISHI/MITSUBISHI___MIRAGE___1.2L_L3___Coolant___Antifreeze___ACB003___74794.jpg,,10,0,0,,,0,0,Premium ,0,0,1,,,,,,,,,0,,0,,,0,,,14/08/2024,1,1,Coolant / Antifreeze,,,,Accepted,500,,MITSUBISHI,2017,MIRAGE,https://www.rockauto.com/info/191/ACB-003-1__ra_m.jpg
16,"1.2L L3 Cooling System ['ACURA', 'RLX', '2017', 'AUDI', 'A3 SPORTBACK E-TRON', '2017', 'AUDI', 'A5', '2017', 'AUDI', 'A8', '2017', 'AUDI', 'RS Q3', '2017', 'AUDI', 'TT', '2016', 'BENTLEY', 'CONTINENTAL', '2017', 'BMW', '120I', '2017', 'BMW', '125I', '2011', 'BMW', '530I', '2017', 'BMW', '540I', '2017', 'BMW', '740E', '2017', 'BMW', 'M140I', '2017', 'CHEVROLET', 'CORVETTE', '2017', 'CHEVROLET', 'LCF', '2017', 'FORD', 'E-450', '2017', 'FORD', 'F-450 SUPER DUTY', '2017', 'FORD', 'FIESTA', '2017', 'FORD', 'FOCUS', '2017', 'FORD', 'GT', '2017', 'FREIGHTLINER', 'FS65', '2002-2003', 'INTERNATIONAL', '2574', '1979-2002', 'INTERNATIONAL', '2575', '1979-1989', 'INTERNATIONAL', '2674', '1979-2002', 'INTERNATIONAL', '2675', '1987-1989', 'INTERNATIONAL', '9000 SERIES', '2000-2002', 'KENWORTH', 'K300', '1999', 'MITSUBISHI', 'MIRAGE', '2017', 'MITSUBISHI', 'RVR', '2016', 'NISSAN', '370Z', '2017', 'NISSAN', 'LEAF', '2017', 'NISSAN', 'NV1500', '2017', 'RAM', '4000', '2015', 'RAM', 'PROMASTER 2500', '2017', 'RENAULT', 'CLIO', '2017', 'RENAULT', 'SANDERO', '2017', 'SMART', 'FORTWO', '2016', 'STUDEBAKER', 'TRUCK', '1951', 'SUBARU', 'FORESTER', '2017', 'SUBARU', 'IMPREZA', '2007-2011', 'SUBARU', 'LEGACY', '2017', 'SUZUKI', 'GRAND VITARA', '2016', 'TOYOTA', '2000GT', '1970', 'TOYOTA', 'HIACE', '2016', 'TOYOTA', 'HIGHLANDER', '2017', 'TOYOTA', 'LAND CRUISER', '2017', 'TOYOTA', 'PRIUS', '2017', 'TOYOTA', 'PRIUS PLUG-IN', '2015', 'TOYOTA', 'PRIUS V', '2017', 'TOYOTA', 'SIENNA', '2017', 'VOLKSWAGEN', 'AMAROK', '2016', 'VOLKSWAGEN', 'ATLANTIC', '1987', 'VOLKSWAGEN', 'BEETLE', '1962-1968', 'VOLKSWAGEN', 'CC', '2017', 'VOLKSWAGEN', 'DERBY', '2002', 'VOLKSWAGEN', 'GOL', '2016', 'VOLKSWAGEN', 'GOLF', '2017', 'VOLKSWAGEN', 'PASSAT', '2017', 'VOLKSWAGEN', 'POINTER TRUCK', '2010', 'VOLKSWAGEN', 'UP!', '2017', 'VOLVO', 'V60', '2016']",WC20,MITSUBISHI,"[{""address"":""Acura Almulla, Car Dealer Rd, Kuwait"",""location"":""https://maps.app.goo.gl/J3oPuFs33svZGpK89""}]",images/MITSUBISHI/MITSUBISHI___MIRAGE___1.2L_L3___Coolant_Filter___WC20___74679.jpg,,16,0,0,,,0,0,none,0,0,1,,,,,,,,,0,,0,,,0,,,14/08/2024,1,1,Coolant Filter,,,,Accepted,500,,MITSUBISHI,2017,MIRAGE,https://www.rockauto.com/info/257/BW5076__ra_m.jpg
16,"1.2L L3 Cooling System ['DODGE', 'ATTITUDE', '2015-2019', 'MITSUBISHI', 'MIRAGE', '2014-2019', 'MITSUBISHI', 'MIRAGE G4', '2017-2019']",12137,MITSUBISHI,"[{""address"":""Acura Almulla, Car Dealer Rd, Kuwait"",""location"":""https://maps.app.goo.gl/J3oPuFs33svZGpK89""}]",images/MITSUBISHI/MITSUBISHI___MIRAGE___1.2L_L3___Coolant_Hose___Pipe___12137___12960.jpg,,9,0,0,,,0,0,Standard Replacement ,0,0,1,,,,,,,,,0,,0,,,0,,,14/08/2024,1,1,Coolant Hose / Pipe,,,,Accepted,500,,MITSUBISHI,2017,MIRAGE,https://www.rockauto.com/info/64/12137-1_TOP_A__ra_m.jpg
16,"1.2L L3 Cooling System ['ACURA', '1992-2021', 'ASUNA', '1992', 'CHEVROLET', '1998-2003', 'CHRYSLER', '2001-2004', 'DODGE', '1992-2020', 'EAGLE', '1992-1993', 'GEO', '1991-1996', 'HONDA', '1992-2023', 'ISUZU', '1996-2002', 'LEXUS', '1990-2018', 'MAZDA', '1996-2017', 'MITSUBISHI', '1992-2020', 'PLYMOUTH', '1992', 'PONTIAC', '1994-2010', 'SCION', '2006-2016', 'SUBARU', '2001-2017', 'SUZUKI', '1991-2013', 'TOYOTA', '1990-2018', 'VOLKSWAGEN', '2004']",31409,MITSUBISHI,"[{""address"":""Acura Almulla, Car Dealer Rd, Kuwait"",""location"":""https://maps.app.goo.gl/J3oPuFs33svZGpK89""}]",images/MITSUBISHI/MITSUBISHI___MIRAGE___1.2L_L3___Cooling_System_Tester_Adapter___31409___18807.jpg,,47,0,0,,,0,0,none,0,0,1,,,,,,,,,0,,0,,,0,,,14/08/2024,1,1,Cooling System Tester Adapter,,,,Accepted,500,,MITSUBISHI,2017,MIRAGE,https://www.rockauto.com/info/64/31409-1_ANG_A__ra_m.jpg
16,"1.2L L3 Cooling System ['MITSUBISHI', 'MIRAGE', '2014-2020']",2219447,MITSUBISHI,"[{""address"":""Acura Almulla, Car Dealer Rd, Kuwait"",""location"":""https://maps.app.goo.gl/J3oPuFs33svZGpK89""}]",images/MITSUBISHI/MITSUBISHI___MIRAGE___1.2L_L3___Radiator___2219447___35752.jpg,,73,0,0,,,0,0,none,0,0,1,,,,,,,,,0,,0,,,0,,,14/08/2024,1,1,Radiator,,,,Accepted,500,,MITSUBISHI,2017,MIRAGE,https://www.rockauto.com/info/14/221-9447__ra_m.jpg
16,"1.2L L3 Cooling System ['ACURA', '1992-2022', 'CHEVROLET', '1998-2004', 'CHRYSLER', '2001-2004', 'DODGE', '2001-2020', 'GEO', '1994', 'HONDA', '1992-2023', 'ISUZU', '1996-2002', 'LEXUS', '1992-2022', 'MAZDA', '2002-2018', 'MITSUBISHI', '2000-2020', 'PONTIAC', '1994-1999', 'SCION', '2006-2016', 'SUBARU', '1970-2021', 'SUZUKI', '1991-2018', 'TOYOTA', '1993-2023']",ST37,MITSUBISHI,"[{""address"":""Acura Almulla, Car Dealer Rd, Kuwait"",""location"":""https://maps.app.goo.gl/J3oPuFs33svZGpK89""}]",images/MITSUBISHI/MITSUBISHI___MIRAGE___1.2L_L3___Radiator_Cap___ST37___52154.jpg,,5,0,0,,,0,0,Locking Replacement ,0,0,1,,,,,,,,,0,,0,,,0,,,14/08/2024,1,1,Radiator Cap,,,,Accepted,500,,MITSUBISHI,2017,MIRAGE,https://www.rockauto.com/info/595/ST37_ANGLE__ra_m.jpg
16,"1.2L L3 Cooling System ['MITSUBISHI', 'MIRAGE', '2014-2021', 'MITSUBISHI', 'MIRAGE G4', '2017-2022']",2812036,MITSUBISHI,"[{""address"":""Acura Almulla, Car Dealer Rd, Kuwait"",""location"":""https://maps.app.goo.gl/J3oPuFs33svZGpK89""}]",images/MITSUBISHI/MITSUBISHI___MIRAGE___1.2L_L3___Radiator_Fan_Assembly___2812036___27432.jpg,,94,0,0,,,0,0,Standard Replacement ,0,0,1,,,,,,,,,0,,0,,,0,,,14/08/2024,1,1,Radiator Fan Assembly,,,,Accepted,500,,MITSUBISHI,2017,MIRAGE,https://www.rockauto.com/info/577/2812036-1__ra_m.jpg
16,"1.2L L3 Cooling System ['DODGE', 'ATTITUDE', '2015-2020', 'MITSUBISHI', 'MIRAGE', '2014-2023', 'MITSUBISHI', 'MIRAGE G4', '2017-2023']",24576,MITSUBISHI,"[{""address"":""Acura Almulla, Car Dealer Rd, Kuwait"",""location"":""https://maps.app.goo.gl/J3oPuFs33svZGpK89""}]",images/MITSUBISHI/MITSUBISHI___MIRAGE___1.2L_L3___Radiator_Hose___24576___71399.jpg,,16,0,0,,,0,0,none,0,0,1,,,,,,,,,0,,0,,,0,,,14/08/2024,1,1,Radiator Hose,,,,Accepted,500,,MITSUBISHI,2017,MIRAGE,https://www.rockauto.com/info/64/24576-1_TOP_A__ra_m.jpg
16,"1.2L L3 Cooling System ['DODGE', 'ATTITUDE', '2015-2018', 'MITSUBISHI', 'ECLIPSE CROSS', '2018-2020', 'MITSUBISHI', 'LANCER', '2015-2017', 'MITSUBISHI', 'MIRAGE', '2014-2019', 'MITSUBISHI', 'MIRAGE G4', '2017-2019', 'MITSUBISHI', 'OUTLANDER', '2015-2019', 'MITSUBISHI', 'OUTLANDER SPORT', '2014-2020']",TX295,MITSUBISHI,"[{""address"":""Acura Almulla, Car Dealer Rd, Kuwait"",""location"":""https://maps.app.goo.gl/J3oPuFs33svZGpK89""}]",images/MITSUBISHI/MITSUBISHI___MIRAGE___1.2L_L3___Temperature_Sender___Sensor___TX295___89922.jpg,,32,0,0,,,0,0,none,0,0,1,,,,,,,,,0,,0,,,0,,,14/08/2024,1,1,Temperature Sender / Sensor,,,,Accepted,500,,MITSUBISHI,2017,MIRAGE,https://www.rockauto.com/info/154/TX295_Angle__ra_m.jpg
16,"1.2L L3 Cooling System ['MITSUBISHI', 'MIRAGE', '2014-2024', 'MITSUBISHI', 'MIRAGE G4', '2017-2024']",1069188,MITSUBISHI,"[{""address"":""Acura Almulla, Car Dealer Rd, Kuwait"",""location"":""https://maps.app.goo.gl/J3oPuFs33svZGpK89""}]",images/MITSUBISHI/MITSUBISHI___MIRAGE___1.2L_L3___Thermostat___1069188___57200.jpg,,14,0,0,,,0,0,Standard Replacement ,0,0,1,,,,,,,,,0,,0,,,0,,,14/08/2024,1,1,Thermostat,,,,Accepted,500,,MITSUBISHI,2017,MIRAGE,https://www.rockauto.com/info/595/1069-188_Angle__ra_m.jpg
16,"1.2L L3 Cooling System ['MITSUBISHI', 'MIRAGE', '2014-2020', 'MITSUBISHI', 'MIRAGE G4', '2017-2020']",CH1005,MITSUBISHI,"[{""address"":""Acura Almulla, Car Dealer Rd, Kuwait"",""location"":""https://maps.app.goo.gl/J3oPuFs33svZGpK89""}]",images/MITSUBISHI/MITSUBISHI___MIRAGE___1.2L_L3___Thermostat_Housing___Water_Outlet___CH1005___11901.jpg,,36,0,0,,,0,0,none,0,0,1,,,,,,,,,0,,0,,,0,,,14/08/2024,1,1,Thermostat Housing / Water Outlet,,,,Accepted,500,,MITSUBISHI,2017,MIRAGE,https://www.rockauto.com/info/595/CH1005_ANGLE__ra_m.jpg
16,"1.2L L3 Cooling System ['DODGE', 'ATTITUDE', '2015-2020', 'MITSUBISHI', 'MIRAGE', '2014-2023', 'MITSUBISHI', 'MIRAGE G4', '2017-2023']",41144,MITSUBISHI,"[{""address"":""Acura Almulla, Car Dealer Rd, Kuwait"",""location"":""https://maps.app.goo.gl/J3oPuFs33svZGpK89""}]",images/MITSUBISHI/MITSUBISHI___MIRAGE___1.2L_L3___Water_Pump___41144___63759.jpg,,54,0,0,,,0,0,none,0,0,1,,,,,,,,,0,,0,,,0,,,14/08/2024,1,1,Water Pump,,,,Accepted,500,,MITSUBISHI,2017,MIRAGE,https://www.rockauto.com/info/64/41144-1_ANG_A__ra_m.jpg
16,"1.2L L3 Drivetrain ['MITSUBISHI', 'MIRAGE', '2014-2022', 'MITSUBISHI', 'MIRAGE G4', '2017-2022']",NCV53082,MITSUBISHI,"[{""address"":""Acura Almulla, Car Dealer Rd, Kuwait"",""location"":""https://maps.app.goo.gl/J3oPuFs33svZGpK89""}]",images/MITSUBISHI/MITSUBISHI___MIRAGE___1.2L_L3___CV_Axle___NCV53082___60923.jpg,,52,0,0,,,0,0,none,0,0,1,,Front Left,,,,,,,0,,0,,,0,,,14/08/2024,1,1,CV Axle,,,,Accepted,500,,MITSUBISHI,2017,MIRAGE,https://www.rockauto.com/info/97/NCV53082_SPE__ra_m.jpg
16,"1.2L L3 Drivetrain ['MITSUBISHI', 'MIRAGE', '2014-2018']",NCV51063,MITSUBISHI,"[{""address"":""Acura Almulla, Car Dealer Rd, Kuwait"",""location"":""https://maps.app.goo.gl/J3oPuFs33svZGpK89""}]",images/MITSUBISHI/MITSUBISHI___MIRAGE___1.2L_L3___CV_Axle___NCV51063___22945.jpg,,48,0,0,,,0,0,none,0,0,1,,Front Right,,,,,,,0,,0,,,0,,,14/08/2024,1,1,CV Axle,,,,Accepted,500,,MITSUBISHI,2017,MIRAGE,https://www.rockauto.com/info/97/NCV51063__ra_m.jpg
16,"1.2L L3 Electrical ['MITSUBISHI', 'MIRAGE', '2014-2021', 'MITSUBISHI', 'MIRAGE G4', '2017-2021']",42142,MITSUBISHI,"[{""address"":""Acura Almulla, Car Dealer Rd, Kuwait"",""location"":""https://maps.app.goo.gl/J3oPuFs33svZGpK89""}]",images/MITSUBISHI/MITSUBISHI___MIRAGE___1.2L_L3___Alternator___Generator___42142___62476.jpg,,100,0,0,,,0,0,none,0,0,1,,,,,,,,,0,,0,,,0,,,14/08/2024,1,1,Alternator / Generator,,,,Accepted,500,,MITSUBISHI,2017,MIRAGE,https://www.rockauto.com/info/71/42142_ANG__ra_m.jpg
16,"1.2L L3 Electrical ['ACURA', '1995-2018', 'ALFA ROMEO', '1987-2008', 'AMERICAN MOTORS', '1969', 'ASUNA', '1993', 'CHEVROLET', '1998-2001', 'FERRARI', '1951-2005', 'FORD', '1953-1995', 'GEO', '1990-1995', 'HONDA', '1993-2017', 'HYUNDAI', '1987-2017', 'INFINITI', '1992-2019', 'ISUZU', '1991-2003', 'KIA', '2002-2019', 'LAMBORGHINI', '1991-1999', 'LEXUS', '1990-2021', 'LINCOLN', '1974-1978', 'MAZDA', '1981-2020', 'MERCEDES-BENZ', '1962-1971', 'MERCURY', '1961-1998', 'MITSUBISHI', '1999-2021', 'NISSAN', '1982-2020', 'PONTIAC', '2007-2010', 'SAAB', '1973-1991', 'SCION', '2008-2013', 'SUBARU', '1988-2019', 'SUZUKI', '2006-2012', 'TOYOTA', '1967-2022', 'VOLVO', '1967']",FT75035,MITSUBISHI,"[{""address"":""Acura Almulla, Car Dealer Rd, Kuwait"",""location"":""https://maps.app.goo.gl/J3oPuFs33svZGpK89""}]",images/MITSUBISHI/MITSUBISHI___MIRAGE___1.2L_L3___Battery___FT75035___83561.jpg,,175,0,0,,,0,0,Performance AGM (Extended Life + Increased Power) ,0,0,1,,,,,,,,,0,,0,,,0,,,14/08/2024,1,1,Battery,,,,Accepted,500,,MITSUBISHI,2017,MIRAGE,https://www.rockauto.com/info/1113/FT750-35-1__ra_m.jpg
16,"1.2L L3 Electrical ['MITSUBISHI', 'MIRAGE', '2017-2018']",FH50,MITSUBISHI,"[{""address"":""Acura Almulla, Car Dealer Rd, Kuwait"",""location"":""https://maps.app.goo.gl/J3oPuFs33svZGpK89""}]",images/MITSUBISHI/MITSUBISHI___MIRAGE___1.2L_L3___Circuit_Breaker___FH50___31617.jpg,,23,0,0,,,0,0,none,0,0,1,,,,,,,,,0,,0,,,0,,,14/08/2024,1,1,Circuit Breaker,,,,Accepted,500,,MITSUBISHI,2017,MIRAGE,https://www.rockauto.com/info/154/FH50_Front__ra_m.jpg
16,"1.2L L3 Electrical ['ACURA', '1991-2018', 'AUDI', '1974-1978', 'BMW', '1995-2020', 'BUICK', '1975-2020', 'CADILLAC', '1977-2020', 'CHEVROLET', '1975-2020', 'CHRYSLER', '1989-2019', 'DODGE', '1974-2019', 'FORD', '1984-2020', 'GEO', '1989-1995', 'GMC', '1975-2020', 'HONDA', '1976-2019', 'HYUNDAI', '1987', 'INFINITI', '1990-2019', 'ISUZU', '1983-2008', 'JAGUAR', '1974-2018', 'JEEP', '1970-2020', 'LAND ROVER', '1993-2020', 'LEXUS', '1990-2020', 'LINCOLN', '1970-2019', 'MAZDA', '1972-2020', 'MERCEDES-BENZ', '1973-2020', 'MERCURY', '1971-2011', 'MG', '1973-1976', 'MITSUBISHI', '1983-2020', 'NISSAN', '1983-2020', 'OLDSMOBILE', '1975-2003', 'PEUGEOT', '1976-2020', 'PLYMOUTH', '1974-2000', 'PONTIAC', '1975-2010', 'PORSCHE', '1973-2020', 'RAM', '2011-2020', 'SAAB', '1981-2010', 'SATURN', '2003-2010', 'SUBARU', '1978-2019', 'SUZUKI', '1986-2016', 'TOYOTA', '1970-2019', 'VOLKSWAGEN', '1970-2020', 'VOLVO', '1970-2020', 'YUGO', '1988-1990']",6604523,MITSUBISHI,"[{""address"":""Acura Almulla, Car Dealer Rd, Kuwait"",""location"":""https://maps.app.goo.gl/J3oPuFs33svZGpK89""}]",images/MITSUBISHI/MITSUBISHI___MIRAGE___1.2L_L3___Horn___6604523___79113.jpg,,26,0,0,,,0,0,Accessory Replacement ,0,0,1,,,,,,,,,0,,0,,,0,,,14/08/2024,1,1,Horn,,,,Accepted,500,,MITSUBISHI,2017,MIRAGE,https://www.rockauto.com/info/883/6604523__ra_m.jpg
16,"1.2L L3 Electrical ['INFINITI', 'JX35', '2013', 'INFINITI', 'QX60', '2014-2018', 'MITSUBISHI', 'LANCER', '2008-2017', 'MITSUBISHI', 'MIRAGE', '2014-2018', 'MITSUBISHI', 'MIRAGE G4', '2017-2018', 'MITSUBISHI', 'OUTLANDER', '2008-2017', 'MITSUBISHI', 'OUTLANDER SPORT', '2011-2017', 'MITSUBISHI', 'RVR', '2011-2017', 'NISSAN', 'ALTIMA', '2007-2018', 'NISSAN', 'CUBE', '2009-2014', 'NISSAN', 'JUKE', '2011-2017', 'NISSAN', 'MAXIMA', '2007-2018', 'NISSAN', 'MICRA', '2018', 'NISSAN', 'MURANO', '2003-2018', 'NISSAN', 'NV200', '2013-2017', 'NISSAN', 'PATHFINDER', '2013-2018', 'NISSAN', 'QUEST', '2011-2017', 'NISSAN', 'ROGUE', '2008-2018', 'NISSAN', 'ROGUE SELECT', '2014-2015', 'NISSAN', 'SENTRA', '2007-2017', 'NISSAN', 'VERSA', '2008-2018']",V38720192,MITSUBISHI,"[{""address"":""Acura Almulla, Car Dealer Rd, Kuwait"",""location"":""https://maps.app.goo.gl/J3oPuFs33svZGpK89""}]",images/MITSUBISHI/MITSUBISHI___MIRAGE___1.2L_L3___Speed_Sensor___V38720192___89113.jpg,,49,0,0,,,0,0,none,0,0,1,,,,,,,,,0,,0,,,0,,,14/08/2024,1,1,Speed Sensor,,,,Accepted,500,,MITSUBISHI,2017,MIRAGE,https://www.rockauto.com/info/1092/V38-72-0192_02__ra_m.jpg
16,"1.2L L3 Electrical ['MITSUBISHI', 'MIRAGE', '2014-2023', 'MITSUBISHI', 'MIRAGE G4', '2017-2023']",19274,MITSUBISHI,"[{""address"":""Acura Almulla, Car Dealer Rd, Kuwait"",""location"":""https://maps.app.goo.gl/J3oPuFs33svZGpK89""}]",images/MITSUBISHI/MITSUBISHI___MIRAGE___1.2L_L3___Starter_Motor___19274___67345.jpg,,98,0,0,,,0,0,none,0,0,1,,,,,,,,,0,,0,,,0,,,14/08/2024,1,1,Starter Motor,,,,Accepted,500,,MITSUBISHI,2017,MIRAGE,https://www.rockauto.com/info/71/19274_ANG__ra_m.jpg
16,"1.2L L3 Electrical-Bulb & Socket ['ACURA', '2001-2022', 'ALFA ROMEO', '2018-2020', 'AUDI', '2004-2021', 'BMW', '2002-2019', 'BUICK', '1978-2020', 'CADILLAC', '1977-2020', 'CHEVROLET', '1978-2022', 'CHRYSLER', '1978-2021', 'DAEWOO', '1999-2001', 'DODGE', '1978-2023', 'EAGLE', '1988-1995', 'FIAT', '2011-2020', 'FORD', '1978-2023', 'GENESIS', '2019-2021', 'GEO', '1993-1994', 'GMC', '1980-2021', 'HONDA', '1991-2023', 'HUMMER', '1992-2004', 'HYUNDAI', '2001-2023', 'INFINITI', '1996-2019', 'ISUZU', '1996-2008', 'JAGUAR', '2016-2019', 'JEEP', '1962-2023', 'KIA', '2003-2023', 'LAMBORGHINI', '2010', 'LAND ROVER', '2012-2019', 'LEXUS', '2002-2023', 'LINCOLN', '1980-2014', 'MASERATI', '2015-2017', 'MAZDA', '1993-2022', 'MERCEDES-BENZ', '2008-2020', 'MERCURY', '1978-2011', 'MINI', '2007-2016', 'MITSUBISHI', '1993-2022', 'NISSAN', '1998-2023', 'OLDSMOBILE', '1975-2003', 'PEUGEOT', '2015-2020', 'PLYMOUTH', '1978-1999', 'PONTIAC', '1977-2010', 'RAM', '2011-2021', 'RENAULT', '2010-2016', 'ROLLS-ROYCE', '2005-2013', 'SAAB', '2005-2010', 'SATURN', '1993-2010', 'SCION', '2006-2013', 'SMART', '2016-2018', 'SUBARU', '1998-2022', 'SUZUKI', '2001-2021', 'TOYOTA', '1995-2023', 'VOLKSWAGEN', '2004-2020']",921WLED,MITSUBISHI,"[{""address"":""Acura Almulla, Car Dealer Rd, Kuwait"",""location"":""https://maps.app.goo.gl/J3oPuFs33svZGpK89""}]",images/MITSUBISHI/MITSUBISHI___MIRAGE___1.2L_L3___Back_Up___Reverse_Lamp_Bulb___921WLED___97043.jpg,,5,0,0,,,0,0,"LED (instant-on, long life, energy-saving) ",0,0,1,,,,,,,,,0,,0,,,0,,,14/08/2024,1,1,Back Up / Reverse Lamp Bulb,,,,Accepted,500,,MITSUBISHI,2017,MIRAGE,https://www.rockauto.com/info/685/921WLED_Front__ra_m.jpg
16,"1.2L L3 Electrical-Bulb & Socket ['ACURA', '1991-1999', 'ALFA ROMEO', '2002-2017', 'AMERICAN MOTORS', '1959-1982', 'ASUNA', '1993', 'AUDI', '1971-2006', 'AUSTIN', '1964-1970', 'AUSTIN-HEALEY', '1968-1969', 'AVANTI', '1972-1973', 'BMW', '1980-2004', 'BUICK', '1958-1987', 'CADILLAC', '1956-1997', 'CHEVROLET', '1955-2022', 'CHRYSLER', '1956-2005', 'CITROEN', '1969-1972', 'DAEWOO', '1999-2001', 'DAIHATSU', '1991-1992', 'DODGE', '1956-2015', 'EAGLE', '1991', 'EDSEL', '1959', 'FERRARI', '1985-1988', 'FIAT', '1974-2020', 'FORD', '1956-2017', 'FREIGHTLINER', '2002-2018', 'GEO', '1989-1994', 'GMC', '1959-2021', 'HONDA', '1994-2019', 'HUMMER', '1992-2004', 'HYUNDAI', '1987-2023', 'INFINITI', '1990-1998', 'ISUZU', '1983-2013', 'JAGUAR', '1970-2008', 'JEEP', '1960-2021', 'KIA', '1995-2023', 'LADA', '1986-1990', 'LAMBORGHINI', '1982-2010', 'LAND ROVER', '1969-2015', 'LEXUS', '1990-1995', 'LINCOLN', '1956-1988', 'MASERATI', '1983-2010', 'MAZDA', '1972-1997', 'MERCEDES-BENZ', '1997-2019', 'MERCURY', '1957-2001', 'MG', '1951-1976', 'MINI', '2007-2008', 'MITSUBISHI', '1983-2020', 'NISSAN', '1970-2022', 'OLDSMOBILE', '1954-1990', 'OPEL', '1970-1972', 'PEUGEOT', '1990-2018', 'PLYMOUTH', '1956-1992', 'PONTIAC', '1955-2007', 'PORSCHE', '1965-2008', 'RAM', '2015-2022', 'RENAULT', '1971-2020', 'ROLLS-ROYCE', '1971-2008', 'ROVER', '1971', 'SAAB', '1981-2010', 'SATURN', '2001-2002', 'SEAT', '2001-2013', 'SIMCA', '1969-1971', 'SMART', '2004-2018', 'STUDEBAKER', '1963', 'SUBARU', '1973-2012', 'SUNBEAM', '1967-1970', 'SUZUKI', '1985-2021', 'THINK', '2011', 'TOYOTA', '1968-2021', 'TRIUMPH', '1967-1979', 'VOLKSWAGEN', '1969-2021', 'VOLVO', '1967-2015', 'YUGO', '1988-1990']",1157RLED,MITSUBISHI,"[{""address"":""Acura Almulla, Car Dealer Rd, Kuwait"",""location"":""https://maps.app.goo.gl/J3oPuFs33svZGpK89""}]",images/MITSUBISHI/MITSUBISHI___MIRAGE___1.2L_L3___Brake_Light_Bulb___1157RLED___32243.jpg,,5,0,0,,,0,0,"LED (instant-on, long life, energy-saving) ",0,0,1,,,,,,,,,0,,0,,,0,,,14/08/2024,1,1,Brake Light Bulb,,,,Accepted,500,,MITSUBISHI,2017,MIRAGE,https://www.rockauto.com/info/685/1157RLED_Front__ra_m.jpg
16,"1.2L L3 Electrical-Bulb & Socket ['ACURA', '1995-2003', 'AUDI', '1993-1998', 'CHEVROLET', '1998-2015', 'DAEWOO', '1999-2001', 'DODGE', '2001-2014', 'EAGLE', '1993', 'FORD', '1994-2016', 'HONDA', '1992-2019', 'HYUNDAI', '1999-2022', 'INFINITI', '1995-2006', 'ISUZU', '1996-2004', 'JEEP', '2018', 'KIA', '1996-2020', 'LADA', '1984-1993', 'LAMBORGHINI', '1982-1994', 'LAND ROVER', '1993-2002', 'LEXUS', '1995-1997', 'MAZDA', '1995-2012', 'MERCEDES-BENZ', '1992-2009', 'MINI', '2015-2019', 'MITSUBISHI', '1992-2023', 'NISSAN', '1986-2019', 'PONTIAC', '2007-2008', 'SAAB', '1994-2002', 'SCION', '2006-2012', 'SEAT', '2012-2014', 'SMART', '2016-2019', 'SUBARU', '1993-2005', 'SUZUKI', '1997-2006', 'TOYOTA', '1992-2019', 'TRIUMPH', '1955-1967', 'VOLKSWAGEN', '1992-2015', 'VPG', '2012']",9003SU,MITSUBISHI,"[{""address"":""Acura Almulla, Car Dealer Rd, Kuwait"",""location"":""https://maps.app.goo.gl/J3oPuFs33svZGpK89""}]",images/MITSUBISHI/MITSUBISHI___MIRAGE___1.2L_L3___Daytime_Running_Light_Bulb___9003SU___71660.jpg,,13,0,0,,,0,0,"Extra Bright (improved visibility, but shorter life) ",0,0,1,,,,,,,,,0,,0,,,0,,,14/08/2024,1,1,Daytime Running Light Bulb,,,,Accepted,500,,MITSUBISHI,2017,MIRAGE,https://www.rockauto.com/info/716/SYLVANIA_9003SilverStarULTRAFrontView__ra_m.jpg
16,"1.2L L3 Electrical-Bulb & Socket ['ACURA', '1995-2003', 'AUDI', '1993-1998', 'CHEVROLET', '1998-2020', 'DAEWOO', '1999-2001', 'FORD', '1994-2019', 'HONDA', '1992-2019', 'HYUNDAI', '1999-2022', 'INFINITI', '1995-2002', 'ISUZU', '1996-2018', 'JEEP', '1959-1974', 'KIA', '1996-2021', 'LAND ROVER', '1988-2002', 'MAZDA', '1995-2012', 'MERCEDES-BENZ', '1992-2009', 'MINI', '2015-2019', 'MITSUBISHI', '1983-2019', 'NISSAN', '1993-2018', 'PONTIAC', '2007-2008', 'RAM', '2016-2018', 'SAAB', '1994-2002', 'SCION', '2006-2012', 'SMART', '2016-2019', 'SUBARU', '1993-2005', 'SUZUKI', '1997-2006', 'TOYOTA', '1992-2019', 'VOLKSWAGEN', '1992-2014']",PT2475,MITSUBISHI,"[{""address"":""Acura Almulla, Car Dealer Rd, Kuwait"",""location"":""https://maps.app.goo.gl/J3oPuFs33svZGpK89""}]",images/MITSUBISHI/MITSUBISHI___MIRAGE___1.2L_L3___Daytime_Running_Light_Socket___PT2475___68103.jpg,,5,0,0,,,0,0,none,0,0,1,,,,,,,,,0,,0,,,0,,,14/08/2024,1,1,Daytime Running Light Socket,,,,Accepted,500,,MITSUBISHI,2017,MIRAGE,https://www.rockauto.com/info/316/PT2475_Primary__ra_m.jpg
16,"1.2L L3 Electrical-Bulb & Socket ['ACURA', '1995-2014', 'ALFA ROMEO', '1991', 'CHEVROLET', '1985-2015', 'CHRYSLER', '1995-2005', 'DAEWOO', '1999-2001', 'DAIHATSU', '1991', 'DODGE', '1988-2017', 'EAGLE', '1992-1996', 'FIAT', '2012-2016', 'FORD', '1989-2003', 'GEO', '1989-1995', 'HONDA', '1976-2017', 'HYUNDAI', '1987-2018', 'INFINITI', '1992-2018', 'ISUZU', '1989-2003', 'KIA', '2002-2016', 'LAND ROVER', '1993-2004', 'LEXUS', '1990-2015', 'MAZDA', '1984-2017', 'MERCURY', '1998', 'MITSUBISHI', '1983-2016', 'NISSAN', '1972-2018', 'PLYMOUTH', '1976-1980', 'PONTIAC', '1987-2010', 'RAM', '2015-2016', 'SCION', '2006-2013', 'SUBARU', '1985-2018', 'SUZUKI', '2002-2013', 'TOYOTA', '1968-2018']",12100LL,MITSUBISHI,"[{""address"":""Acura Almulla, Car Dealer Rd, Kuwait"",""location"":""https://maps.app.goo.gl/J3oPuFs33svZGpK89""}]",images/MITSUBISHI/MITSUBISHI___MIRAGE___1.2L_L3___Dome_Light_Bulb___12100LL___36446.jpg,,5,0,0,,,0,0,Extended Life ,0,0,1,,,,,,,,,0,,0,,,0,,,14/08/2024,1,1,Dome Light Bulb,,,,Accepted,500,,MITSUBISHI,2017,MIRAGE,https://www.rockauto.com/info/35/LWL_BP12100LL_P04_TOP__ra_m.jpg
16,"1.2L L3 Electrical-Bulb & Socket ['ACURA', '2007-2012', 'AUDI', '2012-2018', 'BMW', '2001-2020', 'BUICK', '2014-2020', 'CHEVROLET', '2012-2019', 'FERRARI', '2010-2013', 'FIAT', '2016-2021', 'FORD', '2013-2023', 'HONDA', '2004-2022', 'HYUNDAI', '2009-2021', 'INFINITI', '2005-2019', 'KIA', '2005-2021', 'LEXUS', '2014-2016', 'LINCOLN', '2004', 'MAZDA', '2018-2019', 'MERCEDES-BENZ', '2003', 'MINI', '2007-2019', 'MITSUBISHI', '2013-2022', 'NISSAN', '2008-2023', 'PEUGEOT', '2009-2019', 'PORSCHE', '2005-2012', 'RENAULT', '2010-2017', 'SAAB', '2007-2010', 'SATURN', '2009', 'SEAT', '2011-2018', 'SMART', '2006-2019', 'SUBARU', '2012-2023', 'SUZUKI', '2006-2022', 'TOYOTA', '2011-2023', 'VOLKSWAGEN', '2011-2021', 'VOLVO', '2007-2016']",H8H16USLED,MITSUBISHI,"[{""address"":""Acura Almulla, Car Dealer Rd, Kuwait"",""location"":""https://maps.app.goo.gl/J3oPuFs33svZGpK89""}]",images/MITSUBISHI/MITSUBISHI___MIRAGE___1.2L_L3___Fog___Driving_Light_Bulb___H8H16USLED___56378.jpg,,20,0,0,,,0,0,"LED (instant-on, long life, energy-saving) ",0,0,1,,Front,,,,,,,0,,0,,,0,,,14/08/2024,1,1,Fog / Driving Light Bulb,,,,Accepted,500,,MITSUBISHI,2017,MIRAGE,https://www.rockauto.com/info/685/H8H16USLED_Front__ra_m.jpg
16,"1.2L L3 Electrical-Bulb & Socket ['HONDA', 'CR-Z', '2011-2016', 'LEXUS', 'ES300H', '2013-2015', 'LEXUS', 'ES350', '2007-2015', 'LEXUS', 'GS300', '2005-2006', 'LEXUS', 'GS350', '2007-2015', 'LEXUS', 'GS430', '2005-2007', 'LEXUS', 'GS450H', '2007-2015', 'LEXUS', 'GS460', '2008-2011', 'LEXUS', 'GX460', '2010-2013', 'LEXUS', 'IS F', '2008-2014', 'LEXUS', 'IS200T', '2016', 'LEXUS', 'IS250', '2006-2015', 'LEXUS', 'IS300', '2016', 'LEXUS', 'IS350', '2006-2016', 'LEXUS', 'LFA', '2012', 'LEXUS', 'LS460', '2007-2017', 'LEXUS', 'LS600H', '2008-2012', 'LEXUS', 'LX570', '2013-2015', 'LEXUS', 'RX350', '2010-2015', 'LEXUS', 'RX450H', '2010-2015', 'LEXUS', 'SC430', '2006-2010', 'MAZDA', '3', '2014-2016', 'MAZDA', '6', '2014-2015', 'MAZDA', 'CX-5', '2013-2015', 'MAZDA', 'CX-9', '2013-2015', 'MITSUBISHI', 'MIRAGE', '2017-2018', 'SCION', 'FR-S', '2015-2016', 'SUBARU', 'BRZ', '2013-2016', 'SUBARU', 'LEGACY', '2015-2017', 'SUBARU', 'OUTBACK', '2015-2017', 'TOYOTA', 'AVALON', '2011-2018', 'TOYOTA', 'CAMRY', '2012-2014', 'TOYOTA', 'LAND CRUISER', '2013-2015', 'TOYOTA', 'SIENNA', '2011-2022', 'TOYOTA', 'SOLARA', '2007-2008', 'TOYOTA', 'VENZA', '2009-2016']",D4S,MITSUBISHI,"[{""address"":""Acura Almulla, Car Dealer Rd, Kuwait"",""location"":""https://maps.app.goo.gl/J3oPuFs33svZGpK89""}]",images/MITSUBISHI/MITSUBISHI___MIRAGE___1.2L_L3___Headlamp_Bulb___D4S___25704.jpg,,43,0,0,,,0,0,HID (intense white light) ,0,0,1,,,,,,,,,0,,0,,,0,,,14/08/2024,1,1,Headlamp Bulb,,,,Accepted,500,,MITSUBISHI,2017,MIRAGE,https://www.rockauto.com/info/35/LWL_D4S_P04_TOP__ra_m.jpg
16,"1.2L L3 Electrical-Bulb & Socket ['ACURA', '1995-2003', 'AUDI', '1993-1998', 'CHEVROLET', '1998-2020', 'DAEWOO', '1999-2001', 'FORD', '1994-2019', 'HONDA', '1992-2019', 'HYUNDAI', '1999-2022', 'INFINITI', '1995-2002', 'ISUZU', '1996-2018', 'JEEP', '1959-1974', 'KIA', '1996-2021', 'LAND ROVER', '1988-2002', 'MAZDA', '1995-2012', 'MERCEDES-BENZ', '1992-2009', 'MINI', '2015-2019', 'MITSUBISHI', '1983-2019', 'NISSAN', '1993-2018', 'PONTIAC', '2007-2008', 'RAM', '2016-2018', 'SAAB', '1994-2002', 'SCION', '2006-2012', 'SMART', '2016-2019', 'SUBARU', '1993-2005', 'SUZUKI', '1997-2006', 'TOYOTA', '1992-2019', 'VOLKSWAGEN', '1992-2014']",PT2475,MITSUBISHI,"[{""address"":""Acura Almulla, Car Dealer Rd, Kuwait"",""location"":""https://maps.app.goo.gl/J3oPuFs33svZGpK89""}]",images/MITSUBISHI/MITSUBISHI___MIRAGE___1.2L_L3___Headlamp_Socket___PT2475___20001.jpg,,5,0,0,,,0,0,none,0,0,1,,,,,,,,,0,,0,,,0,,,14/08/2024,1,1,Headlamp Socket,,,,Accepted,500,,MITSUBISHI,2017,MIRAGE,https://www.rockauto.com/info/316/PT2475_Primary__ra_m.jpg
16,"1.2L L3 Electrical-Bulb & Socket ['ACURA', '1991-2018', 'ALFA ROMEO', '1989-2017', 'AMERICAN MOTORS', '1968-1984', 'ASUNA', '1993', 'AUDI', '1988-2018', 'AVANTI', '1972-1973', 'BMW', '1986-2018', 'BUICK', '1963-2016', 'CADILLAC', '1973-2017', 'CHEVROLET', '1968-2018', 'CHRYSLER', '1971-2016', 'DAEWOO', '1999-2001', 'DAIHATSU', '1991-1992', 'DODGE', '1970-2018', 'EAGLE', '1988-1996', 'FERRARI', '1986-1998', 'FIAT', '1970-1981', 'FORD', '1967-2018', 'FREIGHTLINER', '2011-2018', 'GEO', '1989-1995', 'GMC', '1971-2018', 'HONDA', '1976-2018', 'HUMMER', '1992-2004', 'HYUNDAI', '1987-2017', 'INFINITI', '1990-2018', 'INTERNATIONAL', '1973-1980', 'ISUZU', '1984-2003', 'JAGUAR', '1990-2008', 'JEEP', '1972-2018', 'KIA', '1995-2016', 'LADA', '1986-1991', 'LAND ROVER', '1995-2015', 'LEXUS', '1990-2017', 'LINCOLN', '1969-2014', 'MAYBACH', '2004-2008', 'MAZDA', '1980-2017', 'MERCEDES-BENZ', '1997-2018', 'MERCURY', '1968-2011', 'MINI', '2007-2016', 'MITSUBISHI', '1983-2016', 'NISSAN', '1982-2018', 'OLDSMOBILE', '1964-2003', 'PASSPORT', '1988', 'PLYMOUTH', '1969-1999', 'PONTIAC', '1967-2010', 'PORSCHE', '1995-2018', 'RAM', '2011-2018', 'RENAULT', '1981-1987', 'ROLLS-ROYCE', '1971-2013', 'SAAB', '1987-2010', 'SATURN', '1993-2010', 'SCION', '2006-2013', 'SEAT', '2003-2011', 'SUBARU', '1980-2017', 'SUZUKI', '1985-2013', 'TOYOTA', '1978-2016', 'TRIUMPH', '1978-1979', 'VOLKSWAGEN', '1996-2018', 'VOLVO', '1992-2016', 'VPG', '2012', 'YUGO', '1988-1990']",T10LED,MITSUBISHI,"[{""address"":""Acura Almulla, Car Dealer Rd, Kuwait"",""location"":""https://maps.app.goo.gl/J3oPuFs33svZGpK89""}]",images/MITSUBISHI/MITSUBISHI___MIRAGE___1.2L_L3___License_Plate_Lamp_Bulb___T10LED___21368.jpg,,9,0,0,,,0,0,"LED (instant-on, long life, energy-saving) ",0,0,1,,,,,,,,,0,,0,,,0,,,14/08/2024,1,1,License Plate Lamp Bulb,,,,Accepted,500,,MITSUBISHI,2017,MIRAGE,https://www.rockauto.com/info/35/LWL_BPT10LED_P04_ANG__ra_m.jpg
16,"1.2L L3 Electrical-Bulb & Socket ['ACURA', '1991-2014', 'ALFA ROMEO', '1991', 'BMW', '1966-1988', 'CADILLAC', '2017-2019', 'CHEVROLET', '1976-2018', 'CHRYSLER', '1995-2005', 'DAEWOO', '1999-2000', 'DAIHATSU', '1991', 'DODGE', '1988-2017', 'EAGLE', '1992-1996', 'FERRARI', '2007-2010', 'FIAT', '2011', 'FORD', '1989-2022', 'GEO', '1989-1995', 'GMC', '1990-1996', 'HONDA', '1976-2019', 'HYUNDAI', '1987-2023', 'INFINITI', '1992-2019', 'ISUZU', '1989-2013', 'KIA', '1995-2023', 'LEXUS', '1990-2015', 'MAZDA', '1984-2019', 'MERCEDES-BENZ', '2011-2018', 'MERCURY', '1989-1998', 'MITSUBISHI', '1983-2021', 'NISSAN', '1972-2021', 'PLYMOUTH', '1976-1980', 'PONTIAC', '1987-2010', 'PORSCHE', '1979-2002', 'SAAB', '2005', 'SCION', '2006-2013', 'SUBARU', '1985-2021', 'SUZUKI', '1991-2014', 'TOYOTA', '1968-2021', 'VOLKSWAGEN', '1974-2018', 'VOLVO', '2007-2010']",DE3175WLED,MITSUBISHI,"[{""address"":""Acura Almulla, Car Dealer Rd, Kuwait"",""location"":""https://maps.app.goo.gl/J3oPuFs33svZGpK89""}]",images/MITSUBISHI/MITSUBISHI___MIRAGE___1.2L_L3___Map___Reading_Light_Bulb___DE3175WLED___33376.jpg,,3,0,0,,,0,0,"LED (instant-on, long life, energy-saving) ",0,0,1,,,,,,,,,0,,0,,,0,,,14/08/2024,1,1,Map / Reading Light Bulb,,,,Accepted,500,,MITSUBISHI,2017,MIRAGE,https://www.rockauto.com/info/685/DE3175WLED_Front__ra_m.jpg
16,"1.2L L3 Electrical-Bulb & Socket ['ACURA', '1991-2018', 'ALFA ROMEO', '1989-2017', 'AMERICAN MOTORS', '1968-1984', 'ASUNA', '1993', 'AUDI', '1988-2018', 'AVANTI', '1972-1973', 'BMW', '1986-2018', 'BUICK', '1963-2016', 'CADILLAC', '1973-2017', 'CHEVROLET', '1968-2018', 'CHRYSLER', '1971-2016', 'DAEWOO', '1999-2001', 'DAIHATSU', '1991-1992', 'DODGE', '1970-2018', 'EAGLE', '1988-1996', 'FERRARI', '1986-1998', 'FIAT', '1970-1981', 'FORD', '1967-2018', 'FREIGHTLINER', '2011-2018', 'GEO', '1989-1995', 'GMC', '1971-2018', 'HONDA', '1976-2018', 'HUMMER', '1992-2004', 'HYUNDAI', '1987-2017', 'INFINITI', '1990-2018', 'INTERNATIONAL', '1973-1980', 'ISUZU', '1984-2003', 'JAGUAR', '1990-2008', 'JEEP', '1972-2018', 'KIA', '1995-2016', 'LADA', '1986-1991', 'LAND ROVER', '1995-2015', 'LEXUS', '1990-2017', 'LINCOLN', '1969-2014', 'MAYBACH', '2004-2008', 'MAZDA', '1980-2017', 'MERCEDES-BENZ', '1997-2018', 'MERCURY', '1968-2011', 'MINI', '2007-2016', 'MITSUBISHI', '1983-2016', 'NISSAN', '1982-2018', 'OLDSMOBILE', '1964-2003', 'PASSPORT', '1988', 'PLYMOUTH', '1969-1999', 'PONTIAC', '1967-2010', 'PORSCHE', '1995-2018', 'RAM', '2011-2018', 'RENAULT', '1981-1987', 'ROLLS-ROYCE', '1971-2013', 'SAAB', '1987-2010', 'SATURN', '1993-2010', 'SCION', '2006-2013', 'SEAT', '2003-2011', 'SUBARU', '1980-2017', 'SUZUKI', '1985-2013', 'TOYOTA', '1978-2016', 'TRIUMPH', '1978-1979', 'VOLKSWAGEN', '1996-2018', 'VOLVO', '1992-2016', 'VPG', '2012', 'YUGO', '1988-1990']",T10LED,MITSUBISHI,"[{""address"":""Acura Almulla, Car Dealer Rd, Kuwait"",""location"":""https://maps.app.goo.gl/J3oPuFs33svZGpK89""}]",images/MITSUBISHI/MITSUBISHI___MIRAGE___1.2L_L3___Parking_Lamp_Bulb___T10LED___76568.jpg,,9,0,0,,,0,0,"LED (instant-on, long life, energy-saving) ",0,0,1,,,,,,,,,0,,0,,,0,,,14/08/2024,1,1,Parking Lamp Bulb,,,,Accepted,500,,MITSUBISHI,2017,MIRAGE,https://www.rockauto.com/info/35/LWL_BPT10LED_P04_ANG__ra_m.jpg
16,"1.2L L3 Electrical-Bulb & Socket ['ACURA', '1991-2018', 'ALFA ROMEO', '1989-2017', 'AMERICAN MOTORS', '1968-1984', 'ASUNA', '1993', 'AUDI', '1988-2018', 'AVANTI', '1972-1973', 'BMW', '1986-2018', 'BUICK', '1963-2016', 'CADILLAC', '1973-2017', 'CHEVROLET', '1968-2018', 'CHRYSLER', '1971-2016', 'DAEWOO', '1999-2001', 'DAIHATSU', '1991-1992', 'DODGE', '1970-2018', 'EAGLE', '1988-1996', 'FERRARI', '1986-1998', 'FIAT', '1970-1981', 'FORD', '1967-2018', 'FREIGHTLINER', '2011-2018', 'GEO', '1989-1995', 'GMC', '1971-2018', 'HONDA', '1976-2018', 'HUMMER', '1992-2004', 'HYUNDAI', '1987-2017', 'INFINITI', '1990-2018', 'INTERNATIONAL', '1973-1980', 'ISUZU', '1984-2003', 'JAGUAR', '1990-2008', 'JEEP', '1972-2018', 'KIA', '1995-2016', 'LADA', '1986-1991', 'LAND ROVER', '1995-2015', 'LEXUS', '1990-2017', 'LINCOLN', '1969-2014', 'MAYBACH', '2004-2008', 'MAZDA', '1980-2017', 'MERCEDES-BENZ', '1997-2018', 'MERCURY', '1968-2011', 'MINI', '2007-2016', 'MITSUBISHI', '1983-2016', 'NISSAN', '1982-2018', 'OLDSMOBILE', '1964-2003', 'PASSPORT', '1988', 'PLYMOUTH', '1969-1999', 'PONTIAC', '1967-2010', 'PORSCHE', '1995-2018', 'RAM', '2011-2018', 'RENAULT', '1981-1987', 'ROLLS-ROYCE', '1971-2013', 'SAAB', '1987-2010', 'SATURN', '1993-2010', 'SCION', '2006-2013', 'SEAT', '2003-2011', 'SUBARU', '1980-2017', 'SUZUKI', '1985-2013', 'TOYOTA', '1978-2016', 'TRIUMPH', '1978-1979', 'VOLKSWAGEN', '1996-2018', 'VOLVO', '1992-2016', 'VPG', '2012', 'YUGO', '1988-1990']",T10LED,MITSUBISHI,"[{""address"":""Acura Almulla, Car Dealer Rd, Kuwait"",""location"":""https://maps.app.goo.gl/J3oPuFs33svZGpK89""}]",images/MITSUBISHI/MITSUBISHI___MIRAGE___1.2L_L3___Side_Marker_Light_Bulb___T10LED___18413.jpg,,9,0,0,,,0,0,"LED (instant-on, long life, energy-saving) ",0,0,1,,Front,,,,,,,0,,0,,,0,,,14/08/2024,1,1,Side Marker Light Bulb,,,,Accepted,500,,MITSUBISHI,2017,MIRAGE,https://www.rockauto.com/info/35/LWL_BPT10LED_P04_ANG__ra_m.jpg
16,"1.2L L3 Electrical-Bulb & Socket ['ACURA', '1991-1999', 'ALFA ROMEO', '2002-2017', 'AMERICAN MOTORS', '1959-1982', 'ASUNA', '1993', 'AUDI', '1971-2006', 'AUSTIN', '1964-1970', 'AUSTIN-HEALEY', '1968-1969', 'AVANTI', '1972-1973', 'BMW', '1980-2004', 'BUICK', '1958-1987', 'CADILLAC', '1956-1997', 'CHEVROLET', '1955-2022', 'CHRYSLER', '1956-2005', 'CITROEN', '1969-1972', 'DAEWOO', '1999-2001', 'DAIHATSU', '1991-1992', 'DODGE', '1956-2015', 'EAGLE', '1991', 'EDSEL', '1959', 'FERRARI', '1985-1988', 'FIAT', '1974-2020', 'FORD', '1956-2017', 'FREIGHTLINER', '2002-2018', 'GEO', '1989-1994', 'GMC', '1959-2021', 'HONDA', '1994-2019', 'HUMMER', '1992-2004', 'HYUNDAI', '1987-2023', 'INFINITI', '1990-1998', 'ISUZU', '1983-2013', 'JAGUAR', '1970-2008', 'JEEP', '1960-2021', 'KIA', '1995-2023', 'LADA', '1986-1990', 'LAMBORGHINI', '1982-2010', 'LAND ROVER', '1969-2015', 'LEXUS', '1990-1995', 'LINCOLN', '1956-1988', 'MASERATI', '1983-2010', 'MAZDA', '1972-1997', 'MERCEDES-BENZ', '1997-2019', 'MERCURY', '1957-2001', 'MG', '1951-1976', 'MINI', '2007-2008', 'MITSUBISHI', '1983-2020', 'NISSAN', '1970-2022', 'OLDSMOBILE', '1954-1990', 'OPEL', '1970-1972', 'PEUGEOT', '1990-2018', 'PLYMOUTH', '1956-1992', 'PONTIAC', '1955-2007', 'PORSCHE', '1965-2008', 'RAM', '2015-2022', 'RENAULT', '1971-2020', 'ROLLS-ROYCE', '1971-2008', 'ROVER', '1971', 'SAAB', '1981-2010', 'SATURN', '2001-2002', 'SEAT', '2001-2013', 'SIMCA', '1969-1971', 'SMART', '2004-2018', 'STUDEBAKER', '1963', 'SUBARU', '1973-2012', 'SUNBEAM', '1967-1970', 'SUZUKI', '1985-2021', 'THINK', '2011', 'TOYOTA', '1968-2021', 'TRIUMPH', '1967-1979', 'VOLKSWAGEN', '1969-2021', 'VOLVO', '1967-2015', 'YUGO', '1988-1990']",1157RLED,MITSUBISHI,"[{""address"":""Acura Almulla, Car Dealer Rd, Kuwait"",""location"":""https://maps.app.goo.gl/J3oPuFs33svZGpK89""}]",images/MITSUBISHI/MITSUBISHI___MIRAGE___1.2L_L3___Tail_Lamp_Bulb___1157RLED___6844.jpg,,5,0,0,,,0,0,"LED (instant-on, long life, energy-saving) ",0,0,1,,,,,,,,,0,,0,,,0,,,14/08/2024,1,1,Tail Lamp Bulb,,,,Accepted,500,,MITSUBISHI,2017,MIRAGE,https://www.rockauto.com/info/685/1157RLED_Front__ra_m.jpg
16,"1.2L L3 Electrical-Bulb & Socket ['ACURA', '1997-2022', 'ALFA ROMEO', '2012-2021', 'AMERICAN MOTORS', '1972-1978', 'ASTON MARTIN', '2013-2017', 'AUDI', '1998-2020', 'AVANTI', '1972-1973', 'BENTLEY', '2011-2018', 'BMW', '1969-2020', 'BUICK', '1963-2020', 'CADILLAC', '1998-2020', 'CHEVROLET', '1960-2020', 'CHRYSLER', '1972-2021', 'DODGE', '1970-2021', 'FERRARI', '2007-2019', 'FIAT', '1980-2020', 'FORD', '1961-2022', 'FREIGHTLINER', '2002-2021', 'GEO', '1989-1994', 'GMC', '1960-2020', 'HONDA', '1998-2019', 'HUMMER', '2002-2005', 'HYUNDAI', '1999-2022', 'INFINITI', '2004-2022', 'INTERNATIONAL', '1913-1974', 'ISUZU', '1999-2008', 'JAGUAR', '1998-2019', 'JEEP', '1962-2021', 'KIA', '2003-2022', 'LAMBORGHINI', '2010', 'LAND ROVER', '1995-2019', 'LEXUS', '1992-2022', 'LINCOLN', '1966-2022', 'MASERATI', '1983-2019', 'MAYBACH', '2004-2008', 'MAZDA', '1990-2017', 'MERCEDES-BENZ', '1998-2020', 'MERCURY', '1962-2011', 'MINI', '2007-2019', 'MITSUBISHI', '1991-2020', 'NISSAN', '1975-2022', 'OLDSMOBILE', '1964-2003', 'PASSPORT', '1990', 'PEUGEOT', '1980-2018', 'PLYMOUTH', '1969-2000', 'PONTIAC', '1966-2010', 'PORSCHE', '1998-2020', 'RAM', '2011-2021', 'RENAULT', '1983-2016', 'ROLLS-ROYCE', '1971-2013', 'SAAB', '1995-2010', 'SATURN', '1993-2010', 'SCION', '2008-2012', 'SEAT', '2008-2016', 'SMART', '2004-2018', 'SUBARU', '1978-2022', 'SUZUKI', '1985-2014', 'THINK', '2011', 'TOYOTA', '1968-2022', 'TRIUMPH', '1978-1979', 'VOLKSWAGEN', '1981-2020', 'VOLVO', '1967-2018', 'YUGO', '1988-1990']",12961WLED,MITSUBISHI,"[{""address"":""Acura Almulla, Car Dealer Rd, Kuwait"",""location"":""https://maps.app.goo.gl/J3oPuFs33svZGpK89""}]",images/MITSUBISHI/MITSUBISHI___MIRAGE___1.2L_L3___Trunk_or_Cargo_Area_Light_Bulb___12961WLED___55003.jpg,,6,0,0,,,0,0,"LED (instant-on, long life, energy-saving) ",0,0,1,,,,,,,,,0,,0,,,0,,,14/08/2024,1,1,Trunk or Cargo Area Light Bulb,,,,Accepted,500,,MITSUBISHI,2017,MIRAGE,https://www.rockauto.com/info/685/12961WLED_Front__ra_m.jpg
16,"1.2L L3 Electrical-Bulb & Socket ['ACURA', '1991-2004', 'ALFA ROMEO', '1989-2020', 'AMERICAN MOTORS', '1976-1982', 'ASUNA', '1993', 'AUDI', '1971-2014', 'AUSTIN-HEALEY', '1968-1969', 'BMW', '1966-2020', 'BUICK', '1979-1995', 'CADILLAC', '1982-2008', 'CHEVROLET', '1960-2022', 'CHRYSLER', '1977-2005', 'DAEWOO', '2000-2001', 'DAIHATSU', '1991', 'DODGE', '1966-2014', 'EAGLE', '1988-1993', 'EDSEL', '1959', 'FERRARI', '1985-2010', 'FIAT', '1968-2020', 'FORD', '1956-2016', 'FREIGHTLINER', '2002-2021', 'GEO', '1989-1995', 'GMC', '1959-2006', 'HONDA', '1976-2004', 'HUMMER', '1992-2004', 'HYUNDAI', '1983-2022', 'INFINITI', '1992-2003', 'ISUZU', '1983-2003', 'JAGUAR', '1970-1999', 'JEEP', '1969-2021', 'KIA', '1995-2023', 'LADA', '1986-1993', 'LAMBORGHINI', '1982-1999', 'LAND ROVER', '1969-2015', 'LEXUS', '1990-2006', 'LINCOLN', '1959-1967', 'MASERATI', '1983-1984', 'MAZDA', '1980-2008', 'MERCEDES-BENZ', '1964-2023', 'MERCURY', '1958-2001', 'MG', '1976-2005', 'MINI', '2007-2019', 'MITSUBISHI', '1983-2021', 'NISSAN', '1970-2021', 'OLDSMOBILE', '1974-2001', 'PEUGEOT', '1976-2018', 'PLYMOUTH', '1973-1992', 'PONTIAC', '1958-2007', 'PORSCHE', '1965-2009', 'RENAULT', '1982-2020', 'ROLLS-ROYCE', '1958-1974', 'ROVER', '1971', 'SAAB', '1984-2010', 'SATURN', '1993-2002', 'SEAT', '2001-2016', 'SIMCA', '1969-1971', 'SMART', '2004-2005', 'SUBARU', '1978-2012', 'SUNBEAM', '1967-1970', 'SUZUKI', '1985-2021', 'THINK', '2011', 'TOYOTA', '1973-2019', 'TRIUMPH', '1967-1979', 'VOLKSWAGEN', '1969-2017', 'VOLVO', '1967-2006']",1156ALED,MITSUBISHI,"[{""address"":""Acura Almulla, Car Dealer Rd, Kuwait"",""location"":""https://maps.app.goo.gl/J3oPuFs33svZGpK89""}]",images/MITSUBISHI/MITSUBISHI___MIRAGE___1.2L_L3___Turn_Signal_Lamp_Bulb___1156ALED___49209.jpg,,5,0,0,,,0,0,"LED (instant-on, long life, energy-saving) ",0,0,1,,Front,,,,,,,0,,0,,,0,,,14/08/2024,1,1,Turn Signal Lamp Bulb,,,,Accepted,500,,MITSUBISHI,2017,MIRAGE,https://www.rockauto.com/info/685/1156ALED_Front__ra_m.jpg
16,"1.2L L3 Electrical-Bulb & Socket ['ACURA', '2002-2003', 'ALFA ROMEO', '2018', 'AUDI', '2002-2016', 'BMW', '1999-2019', 'BUICK', '2019-2020', 'CADILLAC', '1997', 'CHEVROLET', '2015', 'DAEWOO', '1999-2001', 'DODGE', '2007-2014', 'FIAT', '2012-2014', 'FORD', '2016', 'FREIGHTLINER', '2007-2018', 'HONDA', '2000-2018', 'HYUNDAI', '2011-2023', 'INFINITI', '2015-2022', 'JAGUAR', '1996-2008', 'JEEP', '2019', 'KIA', '2013-2021', 'LAND ROVER', '2004-2019', 'LEXUS', '2001-2006', 'MAZDA', '2003-2012', 'MERCEDES-BENZ', '1994-2021', 'MINI', '2007-2016', 'MITSUBISHI', '2014-2020', 'NISSAN', '2000-2018', 'PORSCHE', '2001-2012', 'RAM', '2015-2016', 'ROLLS-ROYCE', '2005-2008', 'SAAB', '1995-2010', 'SEAT', '2003-2011', 'SMART', '2016-2018', 'SUZUKI', '2002-2003', 'THINK', '2011', 'TOYOTA', '2000-2008', 'VOLKSWAGEN', '2002-2020', 'VOLVO', '1998-2016']",7507LL,MITSUBISHI,"[{""address"":""Acura Almulla, Car Dealer Rd, Kuwait"",""location"":""https://maps.app.goo.gl/J3oPuFs33svZGpK89""}]",images/MITSUBISHI/MITSUBISHI___MIRAGE___1.2L_L3___Turn_Signal_Lamp_Bulb___7507LL___74367.jpg,,2,0,0,,,0,0,Extended Life ,0,0,1,,Rear,,,,,,,0,,0,,,0,,,14/08/2024,1,1,Turn Signal Lamp Bulb,,,,Accepted,500,,MITSUBISHI,2017,MIRAGE,https://www.rockauto.com/info/716/SYLVANIA_7507LongLifeFrontView__ra_m.jpg
16,"1.2L L3 Electrical-Connector ['ACURA', '1991-2016', 'BUICK', '2002', 'CHEVROLET', '1998-2009', 'CHRYSLER', '2001-2005', 'DODGE', '1988-2010', 'EAGLE', '1990-1996', 'FORD', '1981-2003', 'GENESIS', '2018-2019', 'GEO', '1990-1994', 'HONDA', '1983-2017', 'HYUNDAI', '1994-2022', 'INFINITI', '1995-1998', 'ISUZU', '1988-1992', 'JAGUAR', '1998-2004', 'JEEP', '1995-2000', 'KIA', '1995-2021', 'LAND ROVER', '1995-2015', 'LEXUS', '2004-2006', 'MAZDA', '1982-2015', 'MERCEDES-BENZ', '1998-2000', 'MERCURY', '1991-1998', 'MITSUBISHI', '1986-2016', 'NISSAN', '1990-2014', 'PLYMOUTH', '1990-1993', 'SATURN', '2001-2007', 'SUBARU', '1985-2012', 'SUZUKI', '1986-2006', 'TOYOTA', '1978-2005']",S1519HT,MITSUBISHI,"[{""address"":""Acura Almulla, Car Dealer Rd, Kuwait"",""location"":""https://maps.app.goo.gl/J3oPuFs33svZGpK89""}]",images/MITSUBISHI/MITSUBISHI___MIRAGE___1.2L_L3___Blower_Motor_Connector___S1519HT___54674.jpg,,12,0,0,,,0,0,none,0,0,1,,,,,,,,,0,,0,,,0,,,14/08/2024,1,1,Blower Motor Connector,,,,Accepted,500,,MITSUBISHI,2017,MIRAGE,https://www.rockauto.com/info/154/S1519HT_Angle__ra_m.jpg
16,"1.2L L3 Electrical-Connector ['DODGE', 'ATTITUDE', '2015-2017', 'MITSUBISHI', 'ECLIPSE CROSS', '2018-2020', 'MITSUBISHI', 'MIRAGE', '2014-2019', 'MITSUBISHI', 'MIRAGE G4', '2017-2019', 'MITSUBISHI', 'OUTLANDER', '2014-2019', 'MITSUBISHI', 'OUTLANDER SPORT', '2018-2019', 'MITSUBISHI', 'RVR', '2017-2019']",S2946,MITSUBISHI,"[{""address"":""Acura Almulla, Car Dealer Rd, Kuwait"",""location"":""https://maps.app.goo.gl/J3oPuFs33svZGpK89""}]",images/MITSUBISHI/MITSUBISHI___MIRAGE___1.2L_L3___Ignition_Coil_Connector___S2946___44139.jpg,,13,0,0,,,0,0,none,0,0,1,,,,,,,,,0,,0,,,0,,,14/08/2024,1,1,Ignition Coil Connector,,,,Accepted,500,,MITSUBISHI,2017,MIRAGE,https://www.rockauto.com/info/154/S2946_Angle__ra_m.jpg
16,"1.2L L3 Electrical-Connector ['MITSUBISHI', 'LANCER', '2008-2017', 'MITSUBISHI', 'MIRAGE', '2014-2017', 'MITSUBISHI', 'MIRAGE G4', '2017', 'MITSUBISHI', 'OUTLANDER', '2007-2016', 'MITSUBISHI', 'OUTLANDER SPORT', '2011-2016']",707005,MITSUBISHI,"[{""address"":""Acura Almulla, Car Dealer Rd, Kuwait"",""location"":""https://maps.app.goo.gl/J3oPuFs33svZGpK89""}]",images/MITSUBISHI/MITSUBISHI___MIRAGE___1.2L_L3___Radio_Connector___707005___32100.jpg,,7,0,0,,,0,0,none,0,0,1,,,,,,,,,0,,0,,,0,,,14/08/2024,1,1,Radio Connector,,,,Accepted,500,,MITSUBISHI,2017,MIRAGE,https://www.rockauto.com/info/1128/70-7005__ra_m.jpg
16,"1.2L L3 Electrical-Connector ['CADILLAC', '1979-1980', 'CHEVROLET', '2006-2009', 'DODGE', '2015-2017', 'FORD', '1990-2022', 'GMC', '2006-2009', 'JAGUAR', '2000-2018', 'LAND ROVER', '2010-2013', 'LINCOLN', '1995-2021', 'MAZDA', '1994-2015', 'MERCURY', '1996-2011', 'MITSUBISHI', '2014-2020', 'NISSAN', '1998-2017', 'SUZUKI', '1993-1994']",S1080,MITSUBISHI,"[{""address"":""Acura Almulla, Car Dealer Rd, Kuwait"",""location"":""https://maps.app.goo.gl/J3oPuFs33svZGpK89""}]",images/MITSUBISHI/MITSUBISHI___MIRAGE___1.2L_L3___Temperature_Sender___Sensor_Connector___S1080___40664.jpg,,18,0,0,,,0,0,none,0,0,1,,,,,,,,,0,,0,,,0,,,14/08/2024,1,1,Temperature Sender / Sensor Connector,,,,Accepted,500,,MITSUBISHI,2017,MIRAGE,https://www.rockauto.com/info/154/S-1080_Angle__ra_m.jpg
16,"1.2L L3 Electrical-Connector ['MITSUBISHI', 'MIRAGE', '2014-2024', 'MITSUBISHI', 'MIRAGE G4', '2017-2024']",56223,MITSUBISHI,"[{""address"":""Acura Almulla, Car Dealer Rd, Kuwait"",""location"":""https://maps.app.goo.gl/J3oPuFs33svZGpK89""}]",images/MITSUBISHI/MITSUBISHI___MIRAGE___1.2L_L3___Trailer_Connector___56223___78562.jpg,,28,0,0,,,0,0,none,0,0,1,,,,,,,,,0,,0,,,0,,,14/08/2024,1,1,Trailer Connector,,,,Accepted,500,,MITSUBISHI,2017,MIRAGE,https://www.rockauto.com/info/228/56223_3008x1990_a__ra_m.jpg
16,"1.2L L3 Electrical-Switch & Relay ['BUICK', '2002-2015', 'CHEVROLET', '1999-2004', 'FORD', '2016-2022', 'HONDA', '2001-2011', 'HYUNDAI', '2000-2023', 'KIA', '2003-2004', 'LAND ROVER', '2010-2023', 'LEXUS', '1998-2007', 'LINCOLN', '2016-2020', 'MAZDA', '1995-2017', 'MERCEDES-BENZ', '1995-2020', 'MITSUBISHI', '1991-2023', 'PONTIAC', '2007', 'SAAB', '2002-2011', 'SCION', '2006', 'SUBARU', '2003-2023', 'TOYOTA', '1996-2010']",933766801,MITSUBISHI,"[{""address"":""Acura Almulla, Car Dealer Rd, Kuwait"",""location"":""https://maps.app.goo.gl/J3oPuFs33svZGpK89""}]",images/MITSUBISHI/MITSUBISHI___MIRAGE___1.2L_L3___Accessory_Power_Relay___933766801___33203.jpg,,3,0,0,,,0,0,none,0,0,1,,,,,,,,,0,,0,,,0,,,14/08/2024,1,1,Accessory Power Relay,,,,Accepted,500,,MITSUBISHI,2017,MIRAGE,https://www.rockauto.com/info/806/933766801.MAIN__ra_m.jpg
16,"1.2L L3 Electrical-Switch & Relay ['MITSUBISHI', 'MIRAGE', '2014-2019', 'MITSUBISHI', 'MIRAGE G4', '2017-2019']",LS422,MITSUBISHI,"[{""address"":""Acura Almulla, Car Dealer Rd, Kuwait"",""location"":""https://maps.app.goo.gl/J3oPuFs33svZGpK89""}]",images/MITSUBISHI/MITSUBISHI___MIRAGE___1.2L_L3___Back_Up_Lamp_Switch___LS422___46848.jpg,,Out of Stock,0,0,,,0,0,none,0,0,1,,,,,,,,,0,,0,,,0,,,14/08/2024,1,1,Back Up Lamp Switch,,,,Accepted,500,,MITSUBISHI,2017,MIRAGE,https://www.rockauto.com/info/154/LS422_Angle__ra_m.jpg
16,"1.2L L3 Electrical-Switch & Relay ['BUICK', '2002-2015', 'CHEVROLET', '1999-2004', 'FORD', '2016-2022', 'HONDA', '2001-2011', 'HYUNDAI', '2000-2023', 'KIA', '2003-2004', 'LAND ROVER', '2010-2023', 'LEXUS', '1998-2007', 'LINCOLN', '2016-2020', 'MAZDA', '1995-2017', 'MERCEDES-BENZ', '1995-2020', 'MITSUBISHI', '1991-2023', 'PONTIAC', '2007', 'SAAB', '2002-2011', 'SCION', '2006', 'SUBARU', '2003-2023', 'TOYOTA', '1996-2010']",933766801,MITSUBISHI,"[{""address"":""Acura Almulla, Car Dealer Rd, Kuwait"",""location"":""https://maps.app.goo.gl/J3oPuFs33svZGpK89""}]",images/MITSUBISHI/MITSUBISHI___MIRAGE___1.2L_L3___Blower_Motor_Relay___933766801___96536.jpg,,3,0,0,,,0,0,none,0,0,1,,,,,,,,,0,,0,,,0,,,14/08/2024,1,1,Blower Motor Relay,,,,Accepted,500,,MITSUBISHI,2017,MIRAGE,https://www.rockauto.com/info/806/933766801.MAIN__ra_m.jpg
16,"1.2L L3 Electrical-Switch & Relay ['MITSUBISHI', 'MIRAGE', '2014-2021', 'MITSUBISHI', 'MIRAGE G4', '2017-2019']",SLS623,MITSUBISHI,"[{""address"":""Acura Almulla, Car Dealer Rd, Kuwait"",""location"":""https://maps.app.goo.gl/J3oPuFs33svZGpK89""}]",images/MITSUBISHI/MITSUBISHI___MIRAGE___1.2L_L3___Brake_Light_Switch___SLS623___21656.jpg,,18,0,0,,,0,0,Standard Replacement ,0,0,1,,,,,,,,,0,,0,,,0,,,14/08/2024,1,1,Brake Light Switch,,,,Accepted,500,,MITSUBISHI,2017,MIRAGE,https://www.rockauto.com/info/154/SLS623_Front__ra_m.jpg
16,"1.2L L3 Electrical-Switch & Relay ['MITSUBISHI', 'ECLIPSE CROSS', '2018-2022', 'MITSUBISHI', 'LANCER', '2002-2016', 'MITSUBISHI', 'MIRAGE', '2014-2021', 'MITSUBISHI', 'MIRAGE G4', '2017-2022', 'MITSUBISHI', 'OUTLANDER', '2003-2021', 'MITSUBISHI', 'OUTLANDER SPORT', '2011-2021']",DS1660,MITSUBISHI,"[{""address"":""Acura Almulla, Car Dealer Rd, Kuwait"",""location"":""https://maps.app.goo.gl/J3oPuFs33svZGpK89""}]",images/MITSUBISHI/MITSUBISHI___MIRAGE___1.2L_L3___Door_Jamb_Switch___DS1660___70369.jpg,,10,0,0,,,0,0,none,0,0,1,,,,,,,,,0,,0,,,0,,,14/08/2024,1,1,Door Jamb Switch,,,,Accepted,500,,MITSUBISHI,2017,MIRAGE,https://www.rockauto.com/info/154/DS-1660_Angle__ra_m.jpg
